"","NAME","Age.Group","SEX","EDU.Simplified","DEPT","CITY","HOOD","sentence","position","words","focused","tones","sentence_type","total_speakers","position_spec"
"1","DZF20","18-35","Female","Tertiary","Durazno","Durazno","La Lanera","BFD1","N","Mandarinas",NA,NA,"BFD",20,"N"
"2","DZF20","18-35","Female","Tertiary","Durazno","Durazno","La Lanera","BFD2","PN","Maria",NA,"L+<H*","BFD",20,"PN1"
"3","DZF20","18-35","Female","Tertiary","Durazno","Durazno","La Lanera","BFD2","PN","esta",NA,"H+L*","BFD",20,"PN2"
"4","DZF20","18-35","Female","Tertiary","Durazno","Durazno","La Lanera","BFD2","PN","comiendo",NA,"L+<H*","BFD",20,"PN3"
"5","DZF20","18-35","Female","Tertiary","Durazno","Durazno","La Lanera","BFD2","N","mandarinas",NA,"L* L%","BFD",20,"N"
"6","DZF20","18-35","Female","Tertiary","Durazno","Durazno","La Lanera","BFD4","PN","Yo",NA,"L+<H*","BFD",20,"PN1"
"7","DZF20","18-35","Female","Tertiary","Durazno","Durazno","La Lanera","BFD4","PN","vivi",NA,"deaccented","BFD",20,"PN2"
"8","DZF20","18-35","Female","Tertiary","Durazno","Durazno","La Lanera","BFD4","PN","muchos",NA,"L+<H*","BFD",20,"PN3"
"9","DZF20","18-35","Female","Tertiary","Durazno","Durazno","La Lanera","BFD4","PN","anos",NA,"L+<H*","BFD",20,"PN4"
"10","DZF20","18-35","Female","Tertiary","Durazno","Durazno","La Lanera","BFD4","N","San",NA,"L* L%","BFD",20,"N"
"11","DZF20","18-35","Female","Tertiary","Durazno","Durazno","La Lanera","NFD1","PN","Senora",NA,"L+<H*","NFD",20,"PN1"
"12","DZF20","18-35","Female","Tertiary","Durazno","Durazno","La Lanera","NFD1","PN","no",NA,"H*","NFD",20,"PN2"
"13","DZF20","18-35","Female","Tertiary","Durazno","Durazno","La Lanera","NFD1","PN","quiero",NA,"L+¡H*","NFD",20,"PN3"
"14","DZF20","18-35","Female","Tertiary","Durazno","Durazno","La Lanera","NFD1","PN","limones",NA,"L* L-","NFD",20,"PN4"
"15","DZF20","18-35","Female","Tertiary","Durazno","Durazno","La Lanera","NFD1","PN","quiero",NA,"L+<H*","NFD",20,"PN5"
"16","DZF20","18-35","Female","Tertiary","Durazno","Durazno","La Lanera","NFD1","N","naranjas",1,"L* L%","NFD",20,"N1"
"17","DZF20","18-35","Female","Tertiary","Durazno","Durazno","La Lanera","NFD2","PN","Que",NA,"L+H*","NFD",20,"PN1"
"18","DZF20","18-35","Female","Tertiary","Durazno","Durazno","La Lanera","NFD2","PN","rico",NA,"L+¡H*","NFD",20,"PN2"
"19","DZF20","18-35","Female","Tertiary","Durazno","Durazno","La Lanera","NFD2","PN","olor",NA,"L+H*","NFD",20,"PN3"
"20","DZF20","18-35","Female","Tertiary","Durazno","Durazno","La Lanera","NFD2","N","medialunas",1,"L+H* L%","NFD",20,"N1"
"21","DZF20","18-35","Female","Tertiary","Durazno","Durazno","La Lanera","NFD3","PN","No",NA,"L+H*+L L-","NFD",20,"PN1"
"22","DZF20","18-35","Female","Tertiary","Durazno","Durazno","La Lanera","NFD3","PN","se",NA,"L+H*","NFD",20,"PN2"
"23","DZF20","18-35","Female","Tertiary","Durazno","Durazno","La Lanera","NFD3","PN","vivir",NA,"L+H*","NFD",20,"PN3"
"24","DZF20","18-35","Female","Tertiary","Durazno","Durazno","La Lanera","NFD3","N","San",1,"H+L* L%","NFD",20,"N1"
"25","DZF20","18-35","Female","Tertiary","Durazno","Durazno","La Lanera","NFD4","PN","Es",NA,"deaccented","NFD",20,"PN1"
"26","DZF20","18-35","Female","Tertiary","Durazno","Durazno","La Lanera","NFD4","PN","possible",NA,"L*+H","NFD",20,"PN2"
"27","DZF20","18-35","Female","Tertiary","Durazno","Durazno","La Lanera","NFD4","PN","No",NA,"L+H*","NFD",20,"PN3"
"28","DZF20","18-35","Female","Tertiary","Durazno","Durazno","La Lanera","NFD4","PN","le",1,"L+¡H*","NFD",20,"PN4"
"29","DZF20","18-35","Female","Tertiary","Durazno","Durazno","La Lanera","NFD4","N","regalo",NA,"L* L%","NFD",20,"N1"
"30","DZF20","18-35","Female","Tertiary","Durazno","Durazno","La Lanera","NFD5","N","con",1,"L+H*+L L%","NFD",20,"N1"
"31","DZF20","18-35","Female","Tertiary","Durazno","Durazno","La Lanera","NFD6","PN","Esta",NA,"L+H*","NFD",20,"PN1"
"32","DZF20","18-35","Female","Tertiary","Durazno","Durazno","La Lanera","NFD6","N","buenisimo",1,"L+H* L%","NFD",20,"N1"
"33","DZF34","18-35","Female","Secondary","Durazno","Durazno","Barrio Tabare","BFD1","N","Mandarinas",NA,NA,"BFD",20,"N"
"34","DZF34","18-35","Female","Secondary","Durazno","Durazno","Barrio Tabare","BFD2","PN","Maria",NA,"L+<H*","BFD",20,"PN1"
"35","DZF34","18-35","Female","Secondary","Durazno","Durazno","Barrio Tabare","BFD2","PN","esta",NA,"H*","BFD",20,"PN2"
"36","DZF34","18-35","Female","Secondary","Durazno","Durazno","Barrio Tabare","BFD2","PN","comiendo",NA,"deaccented","BFD",20,"PN3"
"37","DZF34","18-35","Female","Secondary","Durazno","Durazno","Barrio Tabare","BFD2","N","mandarinas",NA,"L+H* L%","BFD",20,"N"
"38","DZF34","18-35","Female","Secondary","Durazno","Durazno","Barrio Tabare","BFD4","PN","Yo",NA,NA,"BFD",20,"PN1"
"39","DZF34","18-35","Female","Secondary","Durazno","Durazno","Barrio Tabare","BFD4","PN","vivi",NA,NA,"BFD",20,"PN2"
"40","DZF34","18-35","Female","Secondary","Durazno","Durazno","Barrio Tabare","BFD4","PN","muchos",NA,NA,"BFD",20,"PN3"
"41","DZF34","18-35","Female","Secondary","Durazno","Durazno","Barrio Tabare","BFD4","PN","anos",NA,NA,"BFD",20,"PN4"
"42","DZF34","18-35","Female","Secondary","Durazno","Durazno","Barrio Tabare","BFD4","N","San",NA,NA,"BFD",20,"N"
"43","DZF34","18-35","Female","Secondary","Durazno","Durazno","Barrio Tabare","NFD1","PN","Senora",NA,"L+H* L-","NFD",20,"PN1"
"44","DZF34","18-35","Female","Secondary","Durazno","Durazno","Barrio Tabare","NFD1","PN","no",NA,"L+H*","NFD",20,"PN2"
"45","DZF34","18-35","Female","Secondary","Durazno","Durazno","Barrio Tabare","NFD1","PN","quiero",NA,"¡H*","NFD",20,"PN3"
"46","DZF34","18-35","Female","Secondary","Durazno","Durazno","Barrio Tabare","NFD1","PN","limones",NA,"L* L-","NFD",20,"PN4"
"47","DZF34","18-35","Female","Secondary","Durazno","Durazno","Barrio Tabare","NFD1","PN","quiero",NA,"L*+H","NFD",20,"PN5"
"48","DZF34","18-35","Female","Secondary","Durazno","Durazno","Barrio Tabare","NFD1","N","naranjas",1,"L+H* L%","NFD",20,"N1"
"49","DZF34","18-35","Female","Secondary","Durazno","Durazno","Barrio Tabare","NFD2","PN","Que",NA,"L+H*","NFD",20,"PN1"
"50","DZF34","18-35","Female","Secondary","Durazno","Durazno","Barrio Tabare","NFD2","PN","rico",NA,"H*","NFD",20,"PN2"
"51","DZF34","18-35","Female","Secondary","Durazno","Durazno","Barrio Tabare","NFD2","PN","olor",NA,"L+H*","NFD",20,"PN3"
"52","DZF34","18-35","Female","Secondary","Durazno","Durazno","Barrio Tabare","NFD2","N","medialunas",1,"L* L%","NFD",20,"N1"
"53","DZF34","18-35","Female","Secondary","Durazno","Durazno","Barrio Tabare","NFD3","PN","No",NA,NA,"NFD",20,"PN1"
"54","DZF34","18-35","Female","Secondary","Durazno","Durazno","Barrio Tabare","NFD3","PN","se",NA,NA,"NFD",20,"PN2"
"55","DZF34","18-35","Female","Secondary","Durazno","Durazno","Barrio Tabare","NFD3","PN","vivir",NA,NA,"NFD",20,"PN3"
"56","DZF34","18-35","Female","Secondary","Durazno","Durazno","Barrio Tabare","NFD3","N","San",1,NA,"NFD",20,"N1"
"57","DZF34","18-35","Female","Secondary","Durazno","Durazno","Barrio Tabare","NFD4","PN","Es",NA,"H*","NFD",20,"PN1"
"58","DZF34","18-35","Female","Secondary","Durazno","Durazno","Barrio Tabare","NFD4","PN","possible",NA,"L*+H","NFD",20,"PN2"
"59","DZF34","18-35","Female","Secondary","Durazno","Durazno","Barrio Tabare","NFD4","PN","No",NA,"L+H*","NFD",20,"PN3"
"60","DZF34","18-35","Female","Secondary","Durazno","Durazno","Barrio Tabare","NFD4","PN","le",1,"L+H*","NFD",20,"PN4"
"61","DZF34","18-35","Female","Secondary","Durazno","Durazno","Barrio Tabare","NFD4","N","regalo",NA,"L* L%","NFD",20,"N1"
"62","DZF34","18-35","Female","Secondary","Durazno","Durazno","Barrio Tabare","NFD5","N","con",1,"L+H* !H%","NFD",20,"N1"
"63","DZF34","18-35","Female","Secondary","Durazno","Durazno","Barrio Tabare","NFD6","PN","Esta",NA,"L*+H","NFD",20,"PN1"
"64","DZF34","18-35","Female","Secondary","Durazno","Durazno","Barrio Tabare","NFD6","N","buenisimo",1,"L+H* L%","NFD",20,"N1"
"65","DZF34-2","18-35","Female","Secondary","Durazno","Durazno","Barrio Varona","BFD1","N","Mandarinas",NA,NA,"BFD",20,"N"
"66","DZF34-2","18-35","Female","Secondary","Durazno","Durazno","Barrio Varona","BFD2","PN","Maria",NA,"L+<H*","BFD",20,"PN1"
"67","DZF34-2","18-35","Female","Secondary","Durazno","Durazno","Barrio Varona","BFD2","PN","esta",NA,"H+L*","BFD",20,"PN2"
"68","DZF34-2","18-35","Female","Secondary","Durazno","Durazno","Barrio Varona","BFD2","PN","comiendo",NA,"L+<H*","BFD",20,"PN3"
"69","DZF34-2","18-35","Female","Secondary","Durazno","Durazno","Barrio Varona","BFD2","N","mandarinas",NA,"L* L%","BFD",20,"N"
"70","DZF34-2","18-35","Female","Secondary","Durazno","Durazno","Barrio Varona","BFD4","PN","Yo",NA,"L*+H","BFD",20,"PN1"
"71","DZF34-2","18-35","Female","Secondary","Durazno","Durazno","Barrio Varona","BFD4","PN","vivi",NA,"L+H*","BFD",20,"PN2"
"72","DZF34-2","18-35","Female","Secondary","Durazno","Durazno","Barrio Varona","BFD4","PN","muchos",NA,"deaccented","BFD",20,"PN3"
"73","DZF34-2","18-35","Female","Secondary","Durazno","Durazno","Barrio Varona","BFD4","PN","anos",NA,"L+<H*","BFD",20,"PN4"
"74","DZF34-2","18-35","Female","Secondary","Durazno","Durazno","Barrio Varona","BFD4","N","San",NA,"L* L%","BFD",20,"N"
"75","DZF34-2","18-35","Female","Secondary","Durazno","Durazno","Barrio Varona","NFD1","PN","Senora",NA,"L+H* L-","NFD",20,"PN1"
"76","DZF34-2","18-35","Female","Secondary","Durazno","Durazno","Barrio Varona","NFD1","PN","no",NA,"L+H*","NFD",20,"PN2"
"77","DZF34-2","18-35","Female","Secondary","Durazno","Durazno","Barrio Varona","NFD1","PN","quiero",NA,"L+¡H*","NFD",20,"PN3"
"78","DZF34-2","18-35","Female","Secondary","Durazno","Durazno","Barrio Varona","NFD1","PN","limones",NA,"!H* L-","NFD",20,"PN4"
"79","DZF34-2","18-35","Female","Secondary","Durazno","Durazno","Barrio Varona","NFD1","PN","quiero",NA,"L+<H*","NFD",20,"PN5"
"80","DZF34-2","18-35","Female","Secondary","Durazno","Durazno","Barrio Varona","NFD1","N","naranjas",1,"L* L%","NFD",20,"N1"
"81","DZF34-2","18-35","Female","Secondary","Durazno","Durazno","Barrio Varona","NFD2","PN","Que",NA,"L+H*","NFD",20,"PN1"
"82","DZF34-2","18-35","Female","Secondary","Durazno","Durazno","Barrio Varona","NFD2","PN","rico",NA,"!H*","NFD",20,"PN2"
"83","DZF34-2","18-35","Female","Secondary","Durazno","Durazno","Barrio Varona","NFD2","PN","olor",NA,"L+<H*","NFD",20,"PN3"
"84","DZF34-2","18-35","Female","Secondary","Durazno","Durazno","Barrio Varona","NFD2","N","medialunas",1,"L+H* L%","NFD",20,"N1"
"85","DZF34-2","18-35","Female","Secondary","Durazno","Durazno","Barrio Varona","NFD3","PN","No",NA,"L+H*+L L-","NFD",20,"PN1"
"86","DZF34-2","18-35","Female","Secondary","Durazno","Durazno","Barrio Varona","NFD3","PN","se",NA,"L+H*","NFD",20,"PN2"
"87","DZF34-2","18-35","Female","Secondary","Durazno","Durazno","Barrio Varona","NFD3","PN","vivir",NA,"L+<H*","NFD",20,"PN3"
"88","DZF34-2","18-35","Female","Secondary","Durazno","Durazno","Barrio Varona","NFD3","N","San",1,"L+¡H*+L L%","NFD",20,"N1"
"89","DZF34-2","18-35","Female","Secondary","Durazno","Durazno","Barrio Varona","NFD4","PN","Es",NA,"L+H*","NFD",20,"PN1"
"90","DZF34-2","18-35","Female","Secondary","Durazno","Durazno","Barrio Varona","NFD4","PN","possible",NA,"L*+¡H","NFD",20,"PN2"
"91","DZF34-2","18-35","Female","Secondary","Durazno","Durazno","Barrio Varona","NFD4","PN","No",NA,"L+<H*","NFD",20,"PN3"
"92","DZF34-2","18-35","Female","Secondary","Durazno","Durazno","Barrio Varona","NFD4","PN","le",1,"L+H*","NFD",20,"PN4"
"93","DZF34-2","18-35","Female","Secondary","Durazno","Durazno","Barrio Varona","NFD4","N","regalo",NA,"L* L%","NFD",20,"N1"
"94","DZF34-2","18-35","Female","Secondary","Durazno","Durazno","Barrio Varona","NFD5","N","con",1,"L+H* L%","NFD",20,"N1"
"95","DZF34-2","18-35","Female","Secondary","Durazno","Durazno","Barrio Varona","NFD6","PN","Esta",NA,"L+H*","NFD",20,"PN1"
"96","DZF34-2","18-35","Female","Secondary","Durazno","Durazno","Barrio Varona","NFD6","N","buenisimo",1,"L+H* L%","NFD",20,"N1"
"97","DZF35","18-35","Female","Secondary","Durazno","Durazno","Centro","BFD1","N","Mandarinas",NA,"L+H* L%","BFD",20,"N"
"98","DZF35","18-35","Female","Secondary","Durazno","Durazno","Centro","BFD2","PN","Maria",NA,"L+<H*","BFD",20,"PN1"
"99","DZF35","18-35","Female","Secondary","Durazno","Durazno","Centro","BFD2","PN","esta",NA,"H+L*","BFD",20,"PN2"
"100","DZF35","18-35","Female","Secondary","Durazno","Durazno","Centro","BFD2","PN","comiendo",NA,"L+<H*","BFD",20,"PN3"
"101","DZF35","18-35","Female","Secondary","Durazno","Durazno","Centro","BFD2","N","mandarinas",NA,"L* L%","BFD",20,"N"
"102","DZF35","18-35","Female","Secondary","Durazno","Durazno","Centro","BFD4","PN","Yo",NA,"L+<H*","BFD",20,"PN1"
"103","DZF35","18-35","Female","Secondary","Durazno","Durazno","Centro","BFD4","PN","vivi",NA,"L+<H*","BFD",20,"PN2"
"104","DZF35","18-35","Female","Secondary","Durazno","Durazno","Centro","BFD4","PN","muchos",NA,"deaccented","BFD",20,"PN3"
"105","DZF35","18-35","Female","Secondary","Durazno","Durazno","Centro","BFD4","PN","anos",NA,"L+<H*","BFD",20,"PN4"
"106","DZF35","18-35","Female","Secondary","Durazno","Durazno","Centro","BFD4","N","San",NA,"L* L%","BFD",20,"N"
"107","DZF35","18-35","Female","Secondary","Durazno","Durazno","Centro","NFD1","PN","Senora",NA,"L+H* L-","NFD",20,"PN1"
"108","DZF35","18-35","Female","Secondary","Durazno","Durazno","Centro","NFD1","PN","no",NA,"L+H*","NFD",20,"PN2"
"109","DZF35","18-35","Female","Secondary","Durazno","Durazno","Centro","NFD1","PN","quiero",NA,"L+¡H*","NFD",20,"PN3"
"110","DZF35","18-35","Female","Secondary","Durazno","Durazno","Centro","NFD1","PN","limones",NA,"L* L-","NFD",20,"PN4"
"111","DZF35","18-35","Female","Secondary","Durazno","Durazno","Centro","NFD1","PN","quiero",NA,"L*+H","NFD",20,"PN5"
"112","DZF35","18-35","Female","Secondary","Durazno","Durazno","Centro","NFD1","N","naranjas",1,"L+H* L%","NFD",20,"N1"
"113","DZF35","18-35","Female","Secondary","Durazno","Durazno","Centro","NFD2","PN","Que",NA,"L+H*","NFD",20,"PN1"
"114","DZF35","18-35","Female","Secondary","Durazno","Durazno","Centro","NFD2","PN","rico",NA,"L+¡H*","NFD",20,"PN2"
"115","DZF35","18-35","Female","Secondary","Durazno","Durazno","Centro","NFD2","PN","olor",NA,"L+H*","NFD",20,"PN3"
"116","DZF35","18-35","Female","Secondary","Durazno","Durazno","Centro","NFD2","N","medialunas",1,"L+H* L%","NFD",20,"N1"
"117","DZF35","18-35","Female","Secondary","Durazno","Durazno","Centro","NFD3","PN","No",NA,"L+H* L-","NFD",20,"PN1"
"118","DZF35","18-35","Female","Secondary","Durazno","Durazno","Centro","NFD3","PN","se",NA,"L+<H*","NFD",20,"PN2"
"119","DZF35","18-35","Female","Secondary","Durazno","Durazno","Centro","NFD3","PN","vivir",NA,"L+<H*","NFD",20,"PN3"
"120","DZF35","18-35","Female","Secondary","Durazno","Durazno","Centro","NFD3","N","San",1,"L* L%","NFD",20,"N1"
"121","DZF35","18-35","Female","Secondary","Durazno","Durazno","Centro","NFD4","PN","Es",NA,"H*","NFD",20,"PN1"
"122","DZF35","18-35","Female","Secondary","Durazno","Durazno","Centro","NFD4","PN","possible",NA,"L*+¡H H-","NFD",20,"PN2"
"123","DZF35","18-35","Female","Secondary","Durazno","Durazno","Centro","NFD4","PN","No",NA,"L+<H*","NFD",20,"PN3"
"124","DZF35","18-35","Female","Secondary","Durazno","Durazno","Centro","NFD4","PN","le",1,"L+¡H*","NFD",20,"PN4"
"125","DZF35","18-35","Female","Secondary","Durazno","Durazno","Centro","NFD4","N","regalo",NA,"L* L%","NFD",20,"N1"
"126","DZF35","18-35","Female","Secondary","Durazno","Durazno","Centro","NFD5","N","con",1,"L+!H*+L L%","NFD",20,"N1"
"127","DZF35","18-35","Female","Secondary","Durazno","Durazno","Centro","NFD6","PN","Esta",NA,"L+H*","NFD",20,"PN1"
"128","DZF35","18-35","Female","Secondary","Durazno","Durazno","Centro","NFD6","N","buenisimo",1,"L+H* L%","NFD",20,"N1"
"129","DZF41-2","36-59","Female","Tertiary","Durazno","Durazno","Barrio Centro","BFD1","N","Mandarinas",NA,NA,"BFD",20,"N"
"130","DZF41-2","36-59","Female","Tertiary","Durazno","Durazno","Barrio Centro","BFD2","PN","Maria",NA,NA,"BFD",20,"PN1"
"131","DZF41-2","36-59","Female","Tertiary","Durazno","Durazno","Barrio Centro","BFD2","PN","esta",NA,NA,"BFD",20,"PN2"
"132","DZF41-2","36-59","Female","Tertiary","Durazno","Durazno","Barrio Centro","BFD2","PN","comiendo",NA,NA,"BFD",20,"PN3"
"133","DZF41-2","36-59","Female","Tertiary","Durazno","Durazno","Barrio Centro","BFD2","N","mandarinas",NA,NA,"BFD",20,"N"
"134","DZF41-2","36-59","Female","Tertiary","Durazno","Durazno","Barrio Centro","BFD4","PN","Yo",NA,NA,"BFD",20,"PN1"
"135","DZF41-2","36-59","Female","Tertiary","Durazno","Durazno","Barrio Centro","BFD4","PN","vivi",NA,NA,"BFD",20,"PN2"
"136","DZF41-2","36-59","Female","Tertiary","Durazno","Durazno","Barrio Centro","BFD4","PN","muchos",NA,NA,"BFD",20,"PN3"
"137","DZF41-2","36-59","Female","Tertiary","Durazno","Durazno","Barrio Centro","BFD4","PN","anos",NA,NA,"BFD",20,"PN4"
"138","DZF41-2","36-59","Female","Tertiary","Durazno","Durazno","Barrio Centro","BFD4","N","San",NA,NA,"BFD",20,"N"
"139","DZF41-2","36-59","Female","Tertiary","Durazno","Durazno","Barrio Centro","NFD1","PN","Senora",NA,"L+H* L-","NFD",20,"PN1"
"140","DZF41-2","36-59","Female","Tertiary","Durazno","Durazno","Barrio Centro","NFD1","PN","no",NA,"L+H*","NFD",20,"PN2"
"141","DZF41-2","36-59","Female","Tertiary","Durazno","Durazno","Barrio Centro","NFD1","PN","quiero",NA,"L+H*+L","NFD",20,"PN3"
"142","DZF41-2","36-59","Female","Tertiary","Durazno","Durazno","Barrio Centro","NFD1","PN","limones",NA,"L* L-","NFD",20,"PN4"
"143","DZF41-2","36-59","Female","Tertiary","Durazno","Durazno","Barrio Centro","NFD1","PN","quiero",NA,"L*+H","NFD",20,"PN5"
"144","DZF41-2","36-59","Female","Tertiary","Durazno","Durazno","Barrio Centro","NFD1","N","naranjas",1,"L* L%","NFD",20,"N1"
"145","DZF41-2","36-59","Female","Tertiary","Durazno","Durazno","Barrio Centro","NFD2","PN","Que",NA,"L+H*","NFD",20,"PN1"
"146","DZF41-2","36-59","Female","Tertiary","Durazno","Durazno","Barrio Centro","NFD2","PN","rico",NA,"L+<H*","NFD",20,"PN2"
"147","DZF41-2","36-59","Female","Tertiary","Durazno","Durazno","Barrio Centro","NFD2","PN","olor",NA,"L+H*","NFD",20,"PN3"
"148","DZF41-2","36-59","Female","Tertiary","Durazno","Durazno","Barrio Centro","NFD2","N","medialunas",1,"L+H*+L L%","NFD",20,"N1"
"149","DZF41-2","36-59","Female","Tertiary","Durazno","Durazno","Barrio Centro","NFD3","PN","No",NA,"L+H*+L H-","NFD",20,"PN1"
"150","DZF41-2","36-59","Female","Tertiary","Durazno","Durazno","Barrio Centro","NFD3","PN","se",NA,"L*+H","NFD",20,"PN2"
"151","DZF41-2","36-59","Female","Tertiary","Durazno","Durazno","Barrio Centro","NFD3","PN","vivir",NA,"L*+H","NFD",20,"PN3"
"152","DZF41-2","36-59","Female","Tertiary","Durazno","Durazno","Barrio Centro","NFD3","N","San",1,"L+!H*+L L%","NFD",20,"N1"
"153","DZF41-2","36-59","Female","Tertiary","Durazno","Durazno","Barrio Centro","NFD4","PN","Es",NA,"H*","NFD",20,"PN1"
"154","DZF41-2","36-59","Female","Tertiary","Durazno","Durazno","Barrio Centro","NFD4","PN","possible",NA,"H+L*","NFD",20,"PN2"
"155","DZF41-2","36-59","Female","Tertiary","Durazno","Durazno","Barrio Centro","NFD4","PN","No",NA,"L+<H*","NFD",20,"PN3"
"156","DZF41-2","36-59","Female","Tertiary","Durazno","Durazno","Barrio Centro","NFD4","PN","le",1,"L*+¡H","NFD",20,"PN4"
"157","DZF41-2","36-59","Female","Tertiary","Durazno","Durazno","Barrio Centro","NFD4","N","regalo",NA,"L+H* L%","NFD",20,"N1"
"158","DZF41-2","36-59","Female","Tertiary","Durazno","Durazno","Barrio Centro","NFD5","N","con",1,"L+H* !H%","NFD",20,"N1"
"159","DZF41-2","36-59","Female","Tertiary","Durazno","Durazno","Barrio Centro","NFD6","PN","Esta",NA,"L*+H","NFD",20,"PN1"
"160","DZF41-2","36-59","Female","Tertiary","Durazno","Durazno","Barrio Centro","NFD6","N","buenisimo",1,"L+¡H* L%","NFD",20,"N1"
"161","DZF55","36-59","Female","Secondary","Durazno","Sarandi del Yi","Barrio Mevir","BFD1","N","Mandarinas",NA,"L* L%","BFD",20,"N"
"162","DZF55","36-59","Female","Secondary","Durazno","Sarandi del Yi","Barrio Mevir","BFD2","PN","Maria",NA,"L+<H*","BFD",20,"PN1"
"163","DZF55","36-59","Female","Secondary","Durazno","Sarandi del Yi","Barrio Mevir","BFD2","PN","esta",NA,"L+H*","BFD",20,"PN2"
"164","DZF55","36-59","Female","Secondary","Durazno","Sarandi del Yi","Barrio Mevir","BFD2","PN","comiendo",NA,"L*+¡H","BFD",20,"PN3"
"165","DZF55","36-59","Female","Secondary","Durazno","Sarandi del Yi","Barrio Mevir","BFD2","N","mandarinas",NA,"L* L%","BFD",20,"N"
"166","DZF55","36-59","Female","Secondary","Durazno","Sarandi del Yi","Barrio Mevir","BFD4","PN","Yo",NA,"H*","BFD",20,"PN1"
"167","DZF55","36-59","Female","Secondary","Durazno","Sarandi del Yi","Barrio Mevir","BFD4","PN","vivi",NA,"L+<¡H*","BFD",20,"PN2"
"168","DZF55","36-59","Female","Secondary","Durazno","Sarandi del Yi","Barrio Mevir","BFD4","PN","muchos",NA,"L+H*","BFD",20,"PN3"
"169","DZF55","36-59","Female","Secondary","Durazno","Sarandi del Yi","Barrio Mevir","BFD4","PN","anos",NA,"L+<H*","BFD",20,"PN4"
"170","DZF55","36-59","Female","Secondary","Durazno","Sarandi del Yi","Barrio Mevir","BFD4","N","San",NA,"L* L%","BFD",20,"N"
"171","DZF55","36-59","Female","Secondary","Durazno","Sarandi del Yi","Barrio Mevir","NFD1","PN","Senora",NA,"H* L-","NFD",20,"PN1"
"172","DZF55","36-59","Female","Secondary","Durazno","Sarandi del Yi","Barrio Mevir","NFD1","PN","no",NA,"L+H*","NFD",20,"PN2"
"173","DZF55","36-59","Female","Secondary","Durazno","Sarandi del Yi","Barrio Mevir","NFD1","PN","quiero",NA,"L+¡H*","NFD",20,"PN3"
"174","DZF55","36-59","Female","Secondary","Durazno","Sarandi del Yi","Barrio Mevir","NFD1","PN","limones",NA,"L* L-","NFD",20,"PN4"
"175","DZF55","36-59","Female","Secondary","Durazno","Sarandi del Yi","Barrio Mevir","NFD1","PN","quiero",NA,"L*+H","NFD",20,"PN5"
"176","DZF55","36-59","Female","Secondary","Durazno","Sarandi del Yi","Barrio Mevir","NFD1","N","naranjas",1,"L* L%","NFD",20,"N1"
"177","DZF55","36-59","Female","Secondary","Durazno","Sarandi del Yi","Barrio Mevir","NFD2","PN","Que",NA,"L+H*","NFD",20,"PN1"
"178","DZF55","36-59","Female","Secondary","Durazno","Sarandi del Yi","Barrio Mevir","NFD2","PN","rico",NA,"H*","NFD",20,"PN2"
"179","DZF55","36-59","Female","Secondary","Durazno","Sarandi del Yi","Barrio Mevir","NFD2","PN","olor",NA,"L+H*","NFD",20,"PN3"
"180","DZF55","36-59","Female","Secondary","Durazno","Sarandi del Yi","Barrio Mevir","NFD2","N","medialunas",1,"L+H* L%","NFD",20,"N1"
"181","DZF55","36-59","Female","Secondary","Durazno","Sarandi del Yi","Barrio Mevir","NFD3","PN","No",NA,"L+H* L-","NFD",20,"PN1"
"182","DZF55","36-59","Female","Secondary","Durazno","Sarandi del Yi","Barrio Mevir","NFD3","PN","se",NA,"L*+H","NFD",20,"PN2"
"183","DZF55","36-59","Female","Secondary","Durazno","Sarandi del Yi","Barrio Mevir","NFD3","PN","vivir",NA,"L+<H*","NFD",20,"PN3"
"184","DZF55","36-59","Female","Secondary","Durazno","Sarandi del Yi","Barrio Mevir","NFD3","N","San",1,"L* L%","NFD",20,"N1"
"185","DZF55","36-59","Female","Secondary","Durazno","Sarandi del Yi","Barrio Mevir","NFD4","PN","Es",NA,"L*+H","NFD",20,"PN1"
"186","DZF55","36-59","Female","Secondary","Durazno","Sarandi del Yi","Barrio Mevir","NFD4","PN","possible",NA,"L*+¡H","NFD",20,"PN2"
"187","DZF55","36-59","Female","Secondary","Durazno","Sarandi del Yi","Barrio Mevir","NFD4","PN","No",NA,"L+H*","NFD",20,"PN3"
"188","DZF55","36-59","Female","Secondary","Durazno","Sarandi del Yi","Barrio Mevir","NFD4","PN","le",1,"L+¡H*","NFD",20,"PN4"
"189","DZF55","36-59","Female","Secondary","Durazno","Sarandi del Yi","Barrio Mevir","NFD4","N","regalo",NA,"L* L%","NFD",20,"N1"
"190","DZF55","36-59","Female","Secondary","Durazno","Sarandi del Yi","Barrio Mevir","NFD5","N","con",1,"L+H* L%","NFD",20,"N1"
"191","DZF55","36-59","Female","Secondary","Durazno","Sarandi del Yi","Barrio Mevir","NFD6","PN","Esta",NA,"L+H*","NFD",20,"PN1"
"192","DZF55","36-59","Female","Secondary","Durazno","Sarandi del Yi","Barrio Mevir","NFD6","N","buenisimo",1,"L+H* L%","NFD",20,"N1"
"193","DZF56","36-59","Female","Secondary","Durazno","Sarandi del Yi","Barrio Malbajar","BFD1","N","Mandarinas",NA,"L+<H* L%","BFD",20,"N"
"194","DZF56","36-59","Female","Secondary","Durazno","Sarandi del Yi","Barrio Malbajar","BFD2","PN","Maria",NA,"L+<H*","BFD",20,"PN1"
"195","DZF56","36-59","Female","Secondary","Durazno","Sarandi del Yi","Barrio Malbajar","BFD2","PN","esta",NA,"L+<H*","BFD",20,"PN2"
"196","DZF56","36-59","Female","Secondary","Durazno","Sarandi del Yi","Barrio Malbajar","BFD2","PN","comiendo",NA,"L*+H","BFD",20,"PN3"
"197","DZF56","36-59","Female","Secondary","Durazno","Sarandi del Yi","Barrio Malbajar","BFD2","N","mandarinas",NA,"L+H* L%","BFD",20,"N"
"198","DZF56","36-59","Female","Secondary","Durazno","Sarandi del Yi","Barrio Malbajar","BFD4","PN","Yo",NA,"L*+H","BFD",20,"PN1"
"199","DZF56","36-59","Female","Secondary","Durazno","Sarandi del Yi","Barrio Malbajar","BFD4","PN","vivi",NA,"L+H*","BFD",20,"PN2"
"200","DZF56","36-59","Female","Secondary","Durazno","Sarandi del Yi","Barrio Malbajar","BFD4","PN","muchos",NA,"H*","BFD",20,"PN3"
"201","DZF56","36-59","Female","Secondary","Durazno","Sarandi del Yi","Barrio Malbajar","BFD4","PN","anos",NA,"L+H*","BFD",20,"PN4"
"202","DZF56","36-59","Female","Secondary","Durazno","Sarandi del Yi","Barrio Malbajar","BFD4","N","San",NA,"L* L%","BFD",20,"N"
"203","DZF56","36-59","Female","Secondary","Durazno","Sarandi del Yi","Barrio Malbajar","NFD1","PN","Senora",NA,"H* L-","NFD",20,"PN1"
"204","DZF56","36-59","Female","Secondary","Durazno","Sarandi del Yi","Barrio Malbajar","NFD1","PN","no",NA,"L+H*","NFD",20,"PN2"
"205","DZF56","36-59","Female","Secondary","Durazno","Sarandi del Yi","Barrio Malbajar","NFD1","PN","quiero",NA,"L+¡H*","NFD",20,"PN3"
"206","DZF56","36-59","Female","Secondary","Durazno","Sarandi del Yi","Barrio Malbajar","NFD1","PN","limones",NA,"L* L-","NFD",20,"PN4"
"207","DZF56","36-59","Female","Secondary","Durazno","Sarandi del Yi","Barrio Malbajar","NFD1","PN","quiero",NA,"L*+H","NFD",20,"PN5"
"208","DZF56","36-59","Female","Secondary","Durazno","Sarandi del Yi","Barrio Malbajar","NFD1","N","naranjas",1,"L+H* L%","NFD",20,"N1"
"209","DZF56","36-59","Female","Secondary","Durazno","Sarandi del Yi","Barrio Malbajar","NFD2","PN","Que",NA,"H*","NFD",20,"PN1"
"210","DZF56","36-59","Female","Secondary","Durazno","Sarandi del Yi","Barrio Malbajar","NFD2","PN","rico",NA,"L+¡H*","NFD",20,"PN2"
"211","DZF56","36-59","Female","Secondary","Durazno","Sarandi del Yi","Barrio Malbajar","NFD2","PN","olor",NA,"L+H*","NFD",20,"PN3"
"212","DZF56","36-59","Female","Secondary","Durazno","Sarandi del Yi","Barrio Malbajar","NFD2","N","medialunas",1,"L+¡H* L%","NFD",20,"N1"
"213","DZF56","36-59","Female","Secondary","Durazno","Sarandi del Yi","Barrio Malbajar","NFD3","PN","No",NA,"L+H* L-","NFD",20,"PN1"
"214","DZF56","36-59","Female","Secondary","Durazno","Sarandi del Yi","Barrio Malbajar","NFD3","PN","se",NA,"L*+H","NFD",20,"PN2"
"215","DZF56","36-59","Female","Secondary","Durazno","Sarandi del Yi","Barrio Malbajar","NFD3","PN","vivir",NA,"L+<H*","NFD",20,"PN3"
"216","DZF56","36-59","Female","Secondary","Durazno","Sarandi del Yi","Barrio Malbajar","NFD3","N","San",1,"L+H* L%","NFD",20,"N1"
"217","DZF56","36-59","Female","Secondary","Durazno","Sarandi del Yi","Barrio Malbajar","NFD4","PN","Es",NA,"deaccented","NFD",20,"PN1"
"218","DZF56","36-59","Female","Secondary","Durazno","Sarandi del Yi","Barrio Malbajar","NFD4","PN","possible",NA,"L*+H","NFD",20,"PN2"
"219","DZF56","36-59","Female","Secondary","Durazno","Sarandi del Yi","Barrio Malbajar","NFD4","PN","No",NA,"L+<¡H*","NFD",20,"PN3"
"220","DZF56","36-59","Female","Secondary","Durazno","Sarandi del Yi","Barrio Malbajar","NFD4","PN","le",1,"L+H*","NFD",20,"PN4"
"221","DZF56","36-59","Female","Secondary","Durazno","Sarandi del Yi","Barrio Malbajar","NFD4","N","regalo",NA,"L* L%","NFD",20,"N1"
"222","DZF56","36-59","Female","Secondary","Durazno","Sarandi del Yi","Barrio Malbajar","NFD5","N","con",1,"L+H* !H%","NFD",20,"N1"
"223","DZF56","36-59","Female","Secondary","Durazno","Sarandi del Yi","Barrio Malbajar","NFD6","PN","Esta",NA,"H*","NFD",20,"PN1"
"224","DZF56","36-59","Female","Secondary","Durazno","Sarandi del Yi","Barrio Malbajar","NFD6","N","buenisimo",1,"L+¡H* H%","NFD",20,"N1"
"225","DZF60","60+","Female","Secondary","Durazno","Sarandi del Yi","Barrio Banco Hipotecario","BFD1","N","Mandarinas",NA,"L* L%","BFD",20,"N"
"226","DZF60","60+","Female","Secondary","Durazno","Sarandi del Yi","Barrio Banco Hipotecario","BFD2","PN","Maria",NA,"L+<H*","BFD",20,"PN1"
"227","DZF60","60+","Female","Secondary","Durazno","Sarandi del Yi","Barrio Banco Hipotecario","BFD2","PN","esta",NA,"H+L*","BFD",20,"PN2"
"228","DZF60","60+","Female","Secondary","Durazno","Sarandi del Yi","Barrio Banco Hipotecario","BFD2","PN","comiendo",NA,"deaccented","BFD",20,"PN3"
"229","DZF60","60+","Female","Secondary","Durazno","Sarandi del Yi","Barrio Banco Hipotecario","BFD2","N","mandarinas",NA,"L+¡H* L%","BFD",20,"N"
"230","DZF60","60+","Female","Secondary","Durazno","Sarandi del Yi","Barrio Banco Hipotecario","BFD4","PN","Yo",NA,"L+<H*","BFD",20,"PN1"
"231","DZF60","60+","Female","Secondary","Durazno","Sarandi del Yi","Barrio Banco Hipotecario","BFD4","PN","vivi",NA,"deaccented","BFD",20,"PN2"
"232","DZF60","60+","Female","Secondary","Durazno","Sarandi del Yi","Barrio Banco Hipotecario","BFD4","PN","muchos",NA,"deaccented","BFD",20,"PN3"
"233","DZF60","60+","Female","Secondary","Durazno","Sarandi del Yi","Barrio Banco Hipotecario","BFD4","PN","anos",NA,"deaccented","BFD",20,"PN4"
"234","DZF60","60+","Female","Secondary","Durazno","Sarandi del Yi","Barrio Banco Hipotecario","BFD4","N","San",NA,"L* L%","BFD",20,"N"
"235","DZF60","60+","Female","Secondary","Durazno","Sarandi del Yi","Barrio Banco Hipotecario","NFD1","PN","Senora",NA,"L+H* L-","NFD",20,"PN1"
"236","DZF60","60+","Female","Secondary","Durazno","Sarandi del Yi","Barrio Banco Hipotecario","NFD1","PN","no",NA,"L+H*","NFD",20,"PN2"
"237","DZF60","60+","Female","Secondary","Durazno","Sarandi del Yi","Barrio Banco Hipotecario","NFD1","PN","quiero",NA,"L+H*","NFD",20,"PN3"
"238","DZF60","60+","Female","Secondary","Durazno","Sarandi del Yi","Barrio Banco Hipotecario","NFD1","PN","limones",NA,"L* L-","NFD",20,"PN4"
"239","DZF60","60+","Female","Secondary","Durazno","Sarandi del Yi","Barrio Banco Hipotecario","NFD1","PN","quiero",NA,"L*+H","NFD",20,"PN5"
"240","DZF60","60+","Female","Secondary","Durazno","Sarandi del Yi","Barrio Banco Hipotecario","NFD1","N","naranjas",1,"L* L%","NFD",20,"N1"
"241","DZF60","60+","Female","Secondary","Durazno","Sarandi del Yi","Barrio Banco Hipotecario","NFD2","PN","Que",NA,"H*","NFD",20,"PN1"
"242","DZF60","60+","Female","Secondary","Durazno","Sarandi del Yi","Barrio Banco Hipotecario","NFD2","PN","rico",NA,"!H*","NFD",20,"PN2"
"243","DZF60","60+","Female","Secondary","Durazno","Sarandi del Yi","Barrio Banco Hipotecario","NFD2","PN","olor",NA,"!H*","NFD",20,"PN3"
"244","DZF60","60+","Female","Secondary","Durazno","Sarandi del Yi","Barrio Banco Hipotecario","NFD2","N","medialunas",1,"L+¡H* L%","NFD",20,"N1"
"245","DZF60","60+","Female","Secondary","Durazno","Sarandi del Yi","Barrio Banco Hipotecario","NFD3","PN","No",NA,"L+H* !H-","NFD",20,"PN1"
"246","DZF60","60+","Female","Secondary","Durazno","Sarandi del Yi","Barrio Banco Hipotecario","NFD3","PN","se",NA,"L+<H*","NFD",20,"PN2"
"247","DZF60","60+","Female","Secondary","Durazno","Sarandi del Yi","Barrio Banco Hipotecario","NFD3","PN","vivir",NA,"!H*","NFD",20,"PN3"
"248","DZF60","60+","Female","Secondary","Durazno","Sarandi del Yi","Barrio Banco Hipotecario","NFD3","N","San",1,"H+L* L%","NFD",20,"N1"
"249","DZF60","60+","Female","Secondary","Durazno","Sarandi del Yi","Barrio Banco Hipotecario","NFD4","PN","Es",NA,"H*","NFD",20,"PN1"
"250","DZF60","60+","Female","Secondary","Durazno","Sarandi del Yi","Barrio Banco Hipotecario","NFD4","PN","possible",NA,"L+¡H*","NFD",20,"PN2"
"251","DZF60","60+","Female","Secondary","Durazno","Sarandi del Yi","Barrio Banco Hipotecario","NFD4","PN","No",NA,"!H*","NFD",20,"PN3"
"252","DZF60","60+","Female","Secondary","Durazno","Sarandi del Yi","Barrio Banco Hipotecario","NFD4","PN","le",1,"L+<H*","NFD",20,"PN4"
"253","DZF60","60+","Female","Secondary","Durazno","Sarandi del Yi","Barrio Banco Hipotecario","NFD4","N","regalo",NA,"L* L%","NFD",20,"N1"
"254","DZF60","60+","Female","Secondary","Durazno","Sarandi del Yi","Barrio Banco Hipotecario","NFD5","N","con",1,"L+H* !H%","NFD",20,"N1"
"255","DZF60","60+","Female","Secondary","Durazno","Sarandi del Yi","Barrio Banco Hipotecario","NFD6","PN","Esta",NA,"L+H*","NFD",20,"PN1"
"256","DZF60","60+","Female","Secondary","Durazno","Sarandi del Yi","Barrio Banco Hipotecario","NFD6","N","buenisimo",1,"L+H* L%","NFD",20,"N1"
"257","DZF66","60+","Female","Tertiary","Durazno","Durazno","Plaza de Deportes N1","BFD1","N","Mandarinas",NA,"L+H* L!H%","BFD",20,"N"
"258","DZF66","60+","Female","Tertiary","Durazno","Durazno","Plaza de Deportes N1","BFD2","PN","Maria",NA,"L+<H*","BFD",20,"PN1"
"259","DZF66","60+","Female","Tertiary","Durazno","Durazno","Plaza de Deportes N1","BFD2","PN","esta",NA,"H+L*","BFD",20,"PN2"
"260","DZF66","60+","Female","Tertiary","Durazno","Durazno","Plaza de Deportes N1","BFD2","PN","comiendo",NA,"L*+H","BFD",20,"PN3"
"261","DZF66","60+","Female","Tertiary","Durazno","Durazno","Plaza de Deportes N1","BFD2","N","mandarinas",NA,"L* L%","BFD",20,"N"
"262","DZF66","60+","Female","Tertiary","Durazno","Durazno","Plaza de Deportes N1","BFD4","PN","Yo",NA,"L*+H","BFD",20,"PN1"
"263","DZF66","60+","Female","Tertiary","Durazno","Durazno","Plaza de Deportes N1","BFD4","PN","vivi",NA,"L+H*","BFD",20,"PN2"
"264","DZF66","60+","Female","Tertiary","Durazno","Durazno","Plaza de Deportes N1","BFD4","PN","muchos",NA,"L+<H*","BFD",20,"PN3"
"265","DZF66","60+","Female","Tertiary","Durazno","Durazno","Plaza de Deportes N1","BFD4","PN","anos",NA,"!H* L-","BFD",20,"PN4"
"266","DZF66","60+","Female","Tertiary","Durazno","Durazno","Plaza de Deportes N1","BFD4","N","San",NA,"L* L%","BFD",20,"N"
"267","DZF66","60+","Female","Tertiary","Durazno","Durazno","Plaza de Deportes N1","NFD1","PN","Senora",NA,"L+H* L-","NFD",20,"PN1"
"268","DZF66","60+","Female","Tertiary","Durazno","Durazno","Plaza de Deportes N1","NFD1","PN","no",NA,"H*","NFD",20,"PN2"
"269","DZF66","60+","Female","Tertiary","Durazno","Durazno","Plaza de Deportes N1","NFD1","PN","quiero",NA,"L+¡H*","NFD",20,"PN3"
"270","DZF66","60+","Female","Tertiary","Durazno","Durazno","Plaza de Deportes N1","NFD1","PN","limones",NA,"L* L-","NFD",20,"PN4"
"271","DZF66","60+","Female","Tertiary","Durazno","Durazno","Plaza de Deportes N1","NFD1","PN","quiero",NA,"L+<H*","NFD",20,"PN5"
"272","DZF66","60+","Female","Tertiary","Durazno","Durazno","Plaza de Deportes N1","NFD1","N","naranjas",1,"L+H* L%","NFD",20,"N1"
"273","DZF66","60+","Female","Tertiary","Durazno","Durazno","Plaza de Deportes N1","NFD2","PN","Que",NA,"L+H*","NFD",20,"PN1"
"274","DZF66","60+","Female","Tertiary","Durazno","Durazno","Plaza de Deportes N1","NFD2","PN","rico",NA,"L+¡H*","NFD",20,"PN2"
"275","DZF66","60+","Female","Tertiary","Durazno","Durazno","Plaza de Deportes N1","NFD2","PN","olor",NA,"L+H*","NFD",20,"PN3"
"276","DZF66","60+","Female","Tertiary","Durazno","Durazno","Plaza de Deportes N1","NFD2","N","medialunas",1,"L+H* L%","NFD",20,"N1"
"277","DZF66","60+","Female","Tertiary","Durazno","Durazno","Plaza de Deportes N1","NFD3","PN","No",NA,"L+H*+L L-","NFD",20,"PN1"
"278","DZF66","60+","Female","Tertiary","Durazno","Durazno","Plaza de Deportes N1","NFD3","PN","se",NA,"L+<H*","NFD",20,"PN2"
"279","DZF66","60+","Female","Tertiary","Durazno","Durazno","Plaza de Deportes N1","NFD3","PN","vivir",NA,"L+<¡H*","NFD",20,"PN3"
"280","DZF66","60+","Female","Tertiary","Durazno","Durazno","Plaza de Deportes N1","NFD3","N","San",1,"L+H*+L L%","NFD",20,"N1"
"281","DZF66","60+","Female","Tertiary","Durazno","Durazno","Plaza de Deportes N1","NFD4","PN","Es",NA,"L*+H","NFD",20,"PN1"
"282","DZF66","60+","Female","Tertiary","Durazno","Durazno","Plaza de Deportes N1","NFD4","PN","possible",NA,"L*+H","NFD",20,"PN2"
"283","DZF66","60+","Female","Tertiary","Durazno","Durazno","Plaza de Deportes N1","NFD4","PN","No",NA,"L+<H*","NFD",20,"PN3"
"284","DZF66","60+","Female","Tertiary","Durazno","Durazno","Plaza de Deportes N1","NFD4","PN","le",1,"L+H*","NFD",20,"PN4"
"285","DZF66","60+","Female","Tertiary","Durazno","Durazno","Plaza de Deportes N1","NFD4","N","regalo",NA,"L+H* L%","NFD",20,"N1"
"286","DZF66","60+","Female","Tertiary","Durazno","Durazno","Plaza de Deportes N1","NFD5","N","con",1,"L+H* !H%","NFD",20,"N1"
"287","DZF66","60+","Female","Tertiary","Durazno","Durazno","Plaza de Deportes N1","NFD6","PN","Esta",NA,"L+<H*","NFD",20,"PN1"
"288","DZF66","60+","Female","Tertiary","Durazno","Durazno","Plaza de Deportes N1","NFD6","N","buenisimo",1,"L+H* L%","NFD",20,"N1"
"289","DZF67","60+","Female","Tertiary","Durazno","Durazno","Barrio Tabare","BFD1","N","Mandarinas",NA,"H+L* L%","BFD",20,"N"
"290","DZF67","60+","Female","Tertiary","Durazno","Durazno","Barrio Tabare","BFD2","PN","Maria",NA,"L+H*","BFD",20,"PN1"
"291","DZF67","60+","Female","Tertiary","Durazno","Durazno","Barrio Tabare","BFD2","PN","esta",NA,"H+L*","BFD",20,"PN2"
"292","DZF67","60+","Female","Tertiary","Durazno","Durazno","Barrio Tabare","BFD2","PN","comiendo",NA,"L+<H*","BFD",20,"PN3"
"293","DZF67","60+","Female","Tertiary","Durazno","Durazno","Barrio Tabare","BFD2","N","mandarinas",NA,"H+L* L%","BFD",20,"N"
"294","DZF67","60+","Female","Tertiary","Durazno","Durazno","Barrio Tabare","BFD4","PN","Yo",NA,"L*+H","BFD",20,"PN1"
"295","DZF67","60+","Female","Tertiary","Durazno","Durazno","Barrio Tabare","BFD4","PN","vivi",NA,"L+¡H*","BFD",20,"PN2"
"296","DZF67","60+","Female","Tertiary","Durazno","Durazno","Barrio Tabare","BFD4","PN","muchos",NA,"H+L*","BFD",20,"PN3"
"297","DZF67","60+","Female","Tertiary","Durazno","Durazno","Barrio Tabare","BFD4","PN","anos",NA,"L+<H*","BFD",20,"PN4"
"298","DZF67","60+","Female","Tertiary","Durazno","Durazno","Barrio Tabare","BFD4","N","San",NA,"L+H* L%","BFD",20,"N"
"299","DZF67","60+","Female","Tertiary","Durazno","Durazno","Barrio Tabare","NFD1","PN","Senora",NA,"H+L* L-","NFD",20,"PN1"
"300","DZF67","60+","Female","Tertiary","Durazno","Durazno","Barrio Tabare","NFD1","PN","no",NA,"L+H*","NFD",20,"PN2"
"301","DZF67","60+","Female","Tertiary","Durazno","Durazno","Barrio Tabare","NFD1","PN","quiero",NA,"L+¡H*","NFD",20,"PN3"
"302","DZF67","60+","Female","Tertiary","Durazno","Durazno","Barrio Tabare","NFD1","PN","limones",NA,"L* L-","NFD",20,"PN4"
"303","DZF67","60+","Female","Tertiary","Durazno","Durazno","Barrio Tabare","NFD1","PN","quiero",NA,"L+<H*","NFD",20,"PN5"
"304","DZF67","60+","Female","Tertiary","Durazno","Durazno","Barrio Tabare","NFD1","N","naranjas",1,"L+H* L%","NFD",20,"N1"
"305","DZF67","60+","Female","Tertiary","Durazno","Durazno","Barrio Tabare","NFD2","PN","Que",NA,"L+H*","NFD",20,"PN1"
"306","DZF67","60+","Female","Tertiary","Durazno","Durazno","Barrio Tabare","NFD2","PN","rico",NA,"L+H*","NFD",20,"PN2"
"307","DZF67","60+","Female","Tertiary","Durazno","Durazno","Barrio Tabare","NFD2","PN","olor",NA,"L+H*","NFD",20,"PN3"
"308","DZF67","60+","Female","Tertiary","Durazno","Durazno","Barrio Tabare","NFD2","N","medialunas",1,"L+¡H* L%","NFD",20,"N1"
"309","DZF67","60+","Female","Tertiary","Durazno","Durazno","Barrio Tabare","NFD3","PN","No",NA,"L+H* L-","NFD",20,"PN1"
"310","DZF67","60+","Female","Tertiary","Durazno","Durazno","Barrio Tabare","NFD3","PN","se",NA,"L+H*","NFD",20,"PN2"
"311","DZF67","60+","Female","Tertiary","Durazno","Durazno","Barrio Tabare","NFD3","PN","vivir",NA,"L+H*","NFD",20,"PN3"
"312","DZF67","60+","Female","Tertiary","Durazno","Durazno","Barrio Tabare","NFD3","N","San",1,"L+¡H* L%","NFD",20,"N1"
"313","DZF67","60+","Female","Tertiary","Durazno","Durazno","Barrio Tabare","NFD4","PN","Es",NA,"L+H*","NFD",20,"PN1"
"314","DZF67","60+","Female","Tertiary","Durazno","Durazno","Barrio Tabare","NFD4","PN","possible",NA,"L*+H","NFD",20,"PN2"
"315","DZF67","60+","Female","Tertiary","Durazno","Durazno","Barrio Tabare","NFD4","PN","No",NA,"L+<H*","NFD",20,"PN3"
"316","DZF67","60+","Female","Tertiary","Durazno","Durazno","Barrio Tabare","NFD4","PN","le",1,"L+H*","NFD",20,"PN4"
"317","DZF67","60+","Female","Tertiary","Durazno","Durazno","Barrio Tabare","NFD4","N","regalo",NA,"L* L%","NFD",20,"N1"
"318","DZF67","60+","Female","Tertiary","Durazno","Durazno","Barrio Tabare","NFD5","N","con",1,"L+H* !H%","NFD",20,"N1"
"319","DZF67","60+","Female","Tertiary","Durazno","Durazno","Barrio Tabare","NFD6","PN","Esta",NA,"L*+H","NFD",20,"PN1"
"320","DZF67","60+","Female","Tertiary","Durazno","Durazno","Barrio Tabare","NFD6","N","buenisimo",1,"L+H* L%","NFD",20,"N1"
"321","DZM20","18-35","Male","Secondary","Durazno","Durazno","Corralon (Salberri & Cerrito)","BFD1","N","Mandarinas",NA,NA,"BFD",20,"N"
"322","DZM20","18-35","Male","Secondary","Durazno","Durazno","Corralon (Salberri & Cerrito)","BFD2","PN","Maria",NA,"L+H*","BFD",20,"PN1"
"323","DZM20","18-35","Male","Secondary","Durazno","Durazno","Corralon (Salberri & Cerrito)","BFD2","PN","esta",NA,"deaccented","BFD",20,"PN2"
"324","DZM20","18-35","Male","Secondary","Durazno","Durazno","Corralon (Salberri & Cerrito)","BFD2","PN","comiendo",NA,"deaccented","BFD",20,"PN3"
"325","DZM20","18-35","Male","Secondary","Durazno","Durazno","Corralon (Salberri & Cerrito)","BFD2","N","mandarinas",NA,"L* L%","BFD",20,"N"
"326","DZM20","18-35","Male","Secondary","Durazno","Durazno","Corralon (Salberri & Cerrito)","BFD4","PN","Yo",NA,"H*","BFD",20,"PN1"
"327","DZM20","18-35","Male","Secondary","Durazno","Durazno","Corralon (Salberri & Cerrito)","BFD4","PN","vivi",NA,"L+<H*","BFD",20,"PN2"
"328","DZM20","18-35","Male","Secondary","Durazno","Durazno","Corralon (Salberri & Cerrito)","BFD4","PN","muchos",NA,"deaccented","BFD",20,"PN3"
"329","DZM20","18-35","Male","Secondary","Durazno","Durazno","Corralon (Salberri & Cerrito)","BFD4","PN","anos",NA,"deaccented","BFD",20,"PN4"
"330","DZM20","18-35","Male","Secondary","Durazno","Durazno","Corralon (Salberri & Cerrito)","BFD4","N","San",NA,"L* L%","BFD",20,"N"
"331","DZM20","18-35","Male","Secondary","Durazno","Durazno","Corralon (Salberri & Cerrito)","NFD1","PN","Senora",NA,"L+H* L-","NFD",20,"PN1"
"332","DZM20","18-35","Male","Secondary","Durazno","Durazno","Corralon (Salberri & Cerrito)","NFD1","PN","no",NA,"L+H*","NFD",20,"PN2"
"333","DZM20","18-35","Male","Secondary","Durazno","Durazno","Corralon (Salberri & Cerrito)","NFD1","PN","quiero",NA,"L+¡H*","NFD",20,"PN3"
"334","DZM20","18-35","Male","Secondary","Durazno","Durazno","Corralon (Salberri & Cerrito)","NFD1","PN","limones",NA,"L* L-","NFD",20,"PN4"
"335","DZM20","18-35","Male","Secondary","Durazno","Durazno","Corralon (Salberri & Cerrito)","NFD1","PN","quiero",NA,"L*+H","NFD",20,"PN5"
"336","DZM20","18-35","Male","Secondary","Durazno","Durazno","Corralon (Salberri & Cerrito)","NFD1","N","naranjas",1,"L+H* L%","NFD",20,"N1"
"337","DZM20","18-35","Male","Secondary","Durazno","Durazno","Corralon (Salberri & Cerrito)","NFD2","PN","Que",NA,"L+H*","NFD",20,"PN1"
"338","DZM20","18-35","Male","Secondary","Durazno","Durazno","Corralon (Salberri & Cerrito)","NFD2","PN","rico",NA,"L+H*","NFD",20,"PN2"
"339","DZM20","18-35","Male","Secondary","Durazno","Durazno","Corralon (Salberri & Cerrito)","NFD2","PN","olor",NA,"L+H*","NFD",20,"PN3"
"340","DZM20","18-35","Male","Secondary","Durazno","Durazno","Corralon (Salberri & Cerrito)","NFD2","N","medialunas",1,"L+H* !H%","NFD",20,"N1"
"341","DZM20","18-35","Male","Secondary","Durazno","Durazno","Corralon (Salberri & Cerrito)","NFD3","PN","No",NA,"H+L* L-","NFD",20,"PN1"
"342","DZM20","18-35","Male","Secondary","Durazno","Durazno","Corralon (Salberri & Cerrito)","NFD3","PN","se",NA,"L+<H*","NFD",20,"PN2"
"343","DZM20","18-35","Male","Secondary","Durazno","Durazno","Corralon (Salberri & Cerrito)","NFD3","PN","vivir",NA,"L+<H*","NFD",20,"PN3"
"344","DZM20","18-35","Male","Secondary","Durazno","Durazno","Corralon (Salberri & Cerrito)","NFD3","N","San",1,"H+L* L%","NFD",20,"N1"
"345","DZM20","18-35","Male","Secondary","Durazno","Durazno","Corralon (Salberri & Cerrito)","NFD4","PN","Es",NA,"L*+H","NFD",20,"PN1"
"346","DZM20","18-35","Male","Secondary","Durazno","Durazno","Corralon (Salberri & Cerrito)","NFD4","PN","possible",NA,"L*+H","NFD",20,"PN2"
"347","DZM20","18-35","Male","Secondary","Durazno","Durazno","Corralon (Salberri & Cerrito)","NFD4","PN","No",NA,"L+<H*","NFD",20,"PN3"
"348","DZM20","18-35","Male","Secondary","Durazno","Durazno","Corralon (Salberri & Cerrito)","NFD4","PN","le",1,"!H*","NFD",20,"PN4"
"349","DZM20","18-35","Male","Secondary","Durazno","Durazno","Corralon (Salberri & Cerrito)","NFD4","N","regalo",NA,"L* L%","NFD",20,"N1"
"350","DZM20","18-35","Male","Secondary","Durazno","Durazno","Corralon (Salberri & Cerrito)","NFD5","N","con",1,"L+H*+L L%","NFD",20,"N1"
"351","DZM20","18-35","Male","Secondary","Durazno","Durazno","Corralon (Salberri & Cerrito)","NFD6","PN","Esta",NA,"H*","NFD",20,"PN1"
"352","DZM20","18-35","Male","Secondary","Durazno","Durazno","Corralon (Salberri & Cerrito)","NFD6","N","buenisimo",1,"L+H* L%","NFD",20,"N1"
"353","DZM25","18-35","Male","Secondary","Durazno","Durazno","Barrio Varona","BFD1","N","Mandarinas",NA,"L+H* L%","BFD",20,"N"
"354","DZM25","18-35","Male","Secondary","Durazno","Durazno","Barrio Varona","BFD2","PN","Maria",NA,"L+<H*","BFD",20,"PN1"
"355","DZM25","18-35","Male","Secondary","Durazno","Durazno","Barrio Varona","BFD2","PN","esta",NA,"L+¡H*","BFD",20,"PN2"
"356","DZM25","18-35","Male","Secondary","Durazno","Durazno","Barrio Varona","BFD2","PN","comiendo",NA,"L+H*","BFD",20,"PN3"
"357","DZM25","18-35","Male","Secondary","Durazno","Durazno","Barrio Varona","BFD2","N","mandarinas",NA,"L+H* L%","BFD",20,"N"
"358","DZM25","18-35","Male","Secondary","Durazno","Durazno","Barrio Varona","BFD4","PN","Yo",NA,"L+<H*","BFD",20,"PN1"
"359","DZM25","18-35","Male","Secondary","Durazno","Durazno","Barrio Varona","BFD4","PN","vivi",NA,"H*","BFD",20,"PN2"
"360","DZM25","18-35","Male","Secondary","Durazno","Durazno","Barrio Varona","BFD4","PN","muchos",NA,"H*","BFD",20,"PN3"
"361","DZM25","18-35","Male","Secondary","Durazno","Durazno","Barrio Varona","BFD4","PN","anos",NA,"L*+H","BFD",20,"PN4"
"362","DZM25","18-35","Male","Secondary","Durazno","Durazno","Barrio Varona","BFD4","N","San",NA,"L* L%","BFD",20,"N"
"363","DZM25","18-35","Male","Secondary","Durazno","Durazno","Barrio Varona","NFD1","PN","Senora",NA,"L+H* L-","NFD",20,"PN1"
"364","DZM25","18-35","Male","Secondary","Durazno","Durazno","Barrio Varona","NFD1","PN","no",NA,"L+H*","NFD",20,"PN2"
"365","DZM25","18-35","Male","Secondary","Durazno","Durazno","Barrio Varona","NFD1","PN","quiero",NA,"¡H+L*","NFD",20,"PN3"
"366","DZM25","18-35","Male","Secondary","Durazno","Durazno","Barrio Varona","NFD1","PN","limones",NA,"L* L-","NFD",20,"PN4"
"367","DZM25","18-35","Male","Secondary","Durazno","Durazno","Barrio Varona","NFD1","PN","quiero",NA,"L+<H*","NFD",20,"PN5"
"368","DZM25","18-35","Male","Secondary","Durazno","Durazno","Barrio Varona","NFD1","N","naranjas",1,"L* L%","NFD",20,"N1"
"369","DZM25","18-35","Male","Secondary","Durazno","Durazno","Barrio Varona","NFD2","PN","Que",NA,"L+H*","NFD",20,"PN1"
"370","DZM25","18-35","Male","Secondary","Durazno","Durazno","Barrio Varona","NFD2","PN","rico",NA,"L+H*","NFD",20,"PN2"
"371","DZM25","18-35","Male","Secondary","Durazno","Durazno","Barrio Varona","NFD2","PN","olor",NA,"L+¡H* H-","NFD",20,"PN3"
"372","DZM25","18-35","Male","Secondary","Durazno","Durazno","Barrio Varona","NFD2","N","medialunas",1,"L* L%","NFD",20,"N1"
"373","DZM25","18-35","Male","Secondary","Durazno","Durazno","Barrio Varona","NFD3","PN","No",NA,"L+H* H-","NFD",20,"PN1"
"374","DZM25","18-35","Male","Secondary","Durazno","Durazno","Barrio Varona","NFD3","PN","se",NA,"L+H*","NFD",20,"PN2"
"375","DZM25","18-35","Male","Secondary","Durazno","Durazno","Barrio Varona","NFD3","PN","vivir",NA,"L+<¡H*","NFD",20,"PN3"
"376","DZM25","18-35","Male","Secondary","Durazno","Durazno","Barrio Varona","NFD3","N","San",1,"H+L* L%","NFD",20,"N1"
"377","DZM25","18-35","Male","Secondary","Durazno","Durazno","Barrio Varona","NFD4","PN","Es",NA,"L+H*","NFD",20,"PN1"
"378","DZM25","18-35","Male","Secondary","Durazno","Durazno","Barrio Varona","NFD4","PN","possible",NA,"L+<¡H* H-","NFD",20,"PN2"
"379","DZM25","18-35","Male","Secondary","Durazno","Durazno","Barrio Varona","NFD4","PN","No",NA,"L+H*","NFD",20,"PN3"
"380","DZM25","18-35","Male","Secondary","Durazno","Durazno","Barrio Varona","NFD4","PN","le",1,"L+¡H* H-","NFD",20,"PN4"
"381","DZM25","18-35","Male","Secondary","Durazno","Durazno","Barrio Varona","NFD4","N","regalo",NA,"L* L%","NFD",20,"N1"
"382","DZM25","18-35","Male","Secondary","Durazno","Durazno","Barrio Varona","NFD5","N","con",1,"L+H* !H%","NFD",20,"N1"
"383","DZM25","18-35","Male","Secondary","Durazno","Durazno","Barrio Varona","NFD6","PN","Esta",NA,"L+<H*","NFD",20,"PN1"
"384","DZM25","18-35","Male","Secondary","Durazno","Durazno","Barrio Varona","NFD6","N","buenisimo",1,"L+¡H* L%","NFD",20,"N1"
"385","DZM41","36-59","Male","Primary/Middle","Durazno","Durazno","Bertonasco","BFD1","N","Mandarinas",NA,"L+H* !H%","BFD",20,"N"
"386","DZM41","36-59","Male","Primary/Middle","Durazno","Durazno","Bertonasco","BFD2","PN","Maria",NA,NA,"BFD",20,"PN1"
"387","DZM41","36-59","Male","Primary/Middle","Durazno","Durazno","Bertonasco","BFD2","PN","esta",NA,NA,"BFD",20,"PN2"
"388","DZM41","36-59","Male","Primary/Middle","Durazno","Durazno","Bertonasco","BFD2","PN","comiendo",NA,NA,"BFD",20,"PN3"
"389","DZM41","36-59","Male","Primary/Middle","Durazno","Durazno","Bertonasco","BFD2","N","mandarinas",NA,NA,"BFD",20,"N"
"390","DZM41","36-59","Male","Primary/Middle","Durazno","Durazno","Bertonasco","BFD4","PN","Yo",NA,"H*","BFD",20,"PN1"
"391","DZM41","36-59","Male","Primary/Middle","Durazno","Durazno","Bertonasco","BFD4","PN","vivi",NA,"L+¡H*","BFD",20,"PN2"
"392","DZM41","36-59","Male","Primary/Middle","Durazno","Durazno","Bertonasco","BFD4","PN","muchos",NA,"H*","BFD",20,"PN3"
"393","DZM41","36-59","Male","Primary/Middle","Durazno","Durazno","Bertonasco","BFD4","PN","anos",NA,"L+<H*","BFD",20,"PN4"
"394","DZM41","36-59","Male","Primary/Middle","Durazno","Durazno","Bertonasco","BFD4","N","San",NA,"L* L%","BFD",20,"N"
"395","DZM41","36-59","Male","Primary/Middle","Durazno","Durazno","Bertonasco","NFD1","PN","Senora",NA,"L+H* H-","NFD",20,"PN1"
"396","DZM41","36-59","Male","Primary/Middle","Durazno","Durazno","Bertonasco","NFD1","PN","no",NA,"L+H*","NFD",20,"PN2"
"397","DZM41","36-59","Male","Primary/Middle","Durazno","Durazno","Bertonasco","NFD1","PN","quiero",NA,"L+¡H*","NFD",20,"PN3"
"398","DZM41","36-59","Male","Primary/Middle","Durazno","Durazno","Bertonasco","NFD1","PN","limones",NA,"L* L-","NFD",20,"PN4"
"399","DZM41","36-59","Male","Primary/Middle","Durazno","Durazno","Bertonasco","NFD1","PN","quiero",NA,"L*+H","NFD",20,"PN5"
"400","DZM41","36-59","Male","Primary/Middle","Durazno","Durazno","Bertonasco","NFD1","N","naranjas",1,"L* L%","NFD",20,"N1"
"401","DZM41","36-59","Male","Primary/Middle","Durazno","Durazno","Bertonasco","NFD2","PN","Que",NA,"H*","NFD",20,"PN1"
"402","DZM41","36-59","Male","Primary/Middle","Durazno","Durazno","Bertonasco","NFD2","PN","rico",NA,"L+¡H*","NFD",20,"PN2"
"403","DZM41","36-59","Male","Primary/Middle","Durazno","Durazno","Bertonasco","NFD2","PN","olor",NA,"L+H*","NFD",20,"PN3"
"404","DZM41","36-59","Male","Primary/Middle","Durazno","Durazno","Bertonasco","NFD2","N","medialunas",1,"L+H* !H%","NFD",20,"N1"
"405","DZM41","36-59","Male","Primary/Middle","Durazno","Durazno","Bertonasco","NFD3","PN","No",NA,"L+H*+L L-","NFD",20,"PN1"
"406","DZM41","36-59","Male","Primary/Middle","Durazno","Durazno","Bertonasco","NFD3","PN","se",NA,"L+H*","NFD",20,"PN2"
"407","DZM41","36-59","Male","Primary/Middle","Durazno","Durazno","Bertonasco","NFD3","PN","vivir",NA,"deaccented","NFD",20,"PN3"
"408","DZM41","36-59","Male","Primary/Middle","Durazno","Durazno","Bertonasco","NFD3","N","San",1,"L+H* L%","NFD",20,"N1"
"409","DZM41","36-59","Male","Primary/Middle","Durazno","Durazno","Bertonasco","NFD4","PN","Es",NA,"H*","NFD",20,"PN1"
"410","DZM41","36-59","Male","Primary/Middle","Durazno","Durazno","Bertonasco","NFD4","PN","possible",NA,"L+¡H*","NFD",20,"PN2"
"411","DZM41","36-59","Male","Primary/Middle","Durazno","Durazno","Bertonasco","NFD4","PN","No",NA,"L+H*","NFD",20,"PN3"
"412","DZM41","36-59","Male","Primary/Middle","Durazno","Durazno","Bertonasco","NFD4","PN","le",1,"L+¡H*","NFD",20,"PN4"
"413","DZM41","36-59","Male","Primary/Middle","Durazno","Durazno","Bertonasco","NFD4","N","regalo",NA,"L* L%","NFD",20,"N1"
"414","DZM41","36-59","Male","Primary/Middle","Durazno","Durazno","Bertonasco","NFD5","N","con",1,"L+H* !H%","NFD",20,"N1"
"415","DZM41","36-59","Male","Primary/Middle","Durazno","Durazno","Bertonasco","NFD6","PN","Esta",NA,"H*","NFD",20,"PN1"
"416","DZM41","36-59","Male","Primary/Middle","Durazno","Durazno","Bertonasco","NFD6","N","buenisimo",1,"L+¡H* L%","NFD",20,"N1"
"417","DZM43","36-59","Male","Tertiary","Durazno","Durazno","Parque de la Hispanidad","BFD1","N","Mandarinas",NA,NA,"BFD",20,"N"
"418","DZM43","36-59","Male","Tertiary","Durazno","Durazno","Parque de la Hispanidad","BFD2","PN","Maria",NA,NA,"BFD",20,"PN1"
"419","DZM43","36-59","Male","Tertiary","Durazno","Durazno","Parque de la Hispanidad","BFD2","PN","esta",NA,NA,"BFD",20,"PN2"
"420","DZM43","36-59","Male","Tertiary","Durazno","Durazno","Parque de la Hispanidad","BFD2","PN","comiendo",NA,NA,"BFD",20,"PN3"
"421","DZM43","36-59","Male","Tertiary","Durazno","Durazno","Parque de la Hispanidad","BFD2","N","mandarinas",NA,NA,"BFD",20,"N"
"422","DZM43","36-59","Male","Tertiary","Durazno","Durazno","Parque de la Hispanidad","BFD4","PN","Yo",NA,"L+H*","BFD",20,"PN1"
"423","DZM43","36-59","Male","Tertiary","Durazno","Durazno","Parque de la Hispanidad","BFD4","PN","vivi",NA,"L+H*","BFD",20,"PN2"
"424","DZM43","36-59","Male","Tertiary","Durazno","Durazno","Parque de la Hispanidad","BFD4","PN","muchos",NA,"L+¡H*","BFD",20,"PN3"
"425","DZM43","36-59","Male","Tertiary","Durazno","Durazno","Parque de la Hispanidad","BFD4","PN","anos",NA,"H+L*","BFD",20,"PN4"
"426","DZM43","36-59","Male","Tertiary","Durazno","Durazno","Parque de la Hispanidad","BFD4","N","San",NA,"L* L%","BFD",20,"N"
"427","DZM43","36-59","Male","Tertiary","Durazno","Durazno","Parque de la Hispanidad","NFD1","PN","Senora",NA,"H+L* L-","NFD",20,"PN1"
"428","DZM43","36-59","Male","Tertiary","Durazno","Durazno","Parque de la Hispanidad","NFD1","PN","no",NA,"L+H*","NFD",20,"PN2"
"429","DZM43","36-59","Male","Tertiary","Durazno","Durazno","Parque de la Hispanidad","NFD1","PN","quiero",NA,"L+H*","NFD",20,"PN3"
"430","DZM43","36-59","Male","Tertiary","Durazno","Durazno","Parque de la Hispanidad","NFD1","PN","limones",NA,"L* L-","NFD",20,"PN4"
"431","DZM43","36-59","Male","Tertiary","Durazno","Durazno","Parque de la Hispanidad","NFD1","PN","quiero",NA,"L*+H","NFD",20,"PN5"
"432","DZM43","36-59","Male","Tertiary","Durazno","Durazno","Parque de la Hispanidad","NFD1","N","naranjas",1,"L+H* L%","NFD",20,"N1"
"433","DZM43","36-59","Male","Tertiary","Durazno","Durazno","Parque de la Hispanidad","NFD2","PN","Que",NA,"L+H*","NFD",20,"PN1"
"434","DZM43","36-59","Male","Tertiary","Durazno","Durazno","Parque de la Hispanidad","NFD2","PN","rico",NA,"L+H*","NFD",20,"PN2"
"435","DZM43","36-59","Male","Tertiary","Durazno","Durazno","Parque de la Hispanidad","NFD2","PN","olor",NA,"L+H*","NFD",20,"PN3"
"436","DZM43","36-59","Male","Tertiary","Durazno","Durazno","Parque de la Hispanidad","NFD2","N","medialunas",1,"L+H* L%","NFD",20,"N1"
"437","DZM43","36-59","Male","Tertiary","Durazno","Durazno","Parque de la Hispanidad","NFD3","PN","No",NA,"H+L* L-","NFD",20,"PN1"
"438","DZM43","36-59","Male","Tertiary","Durazno","Durazno","Parque de la Hispanidad","NFD3","PN","se",NA,"L+H*","NFD",20,"PN2"
"439","DZM43","36-59","Male","Tertiary","Durazno","Durazno","Parque de la Hispanidad","NFD3","PN","vivir",NA,"L+<H*","NFD",20,"PN3"
"440","DZM43","36-59","Male","Tertiary","Durazno","Durazno","Parque de la Hispanidad","NFD3","N","San",1,"L* L%","NFD",20,"N1"
"441","DZM43","36-59","Male","Tertiary","Durazno","Durazno","Parque de la Hispanidad","NFD4","PN","Es",NA,"L*+H","NFD",20,"PN1"
"442","DZM43","36-59","Male","Tertiary","Durazno","Durazno","Parque de la Hispanidad","NFD4","PN","possible",NA,"L*+H","NFD",20,"PN2"
"443","DZM43","36-59","Male","Tertiary","Durazno","Durazno","Parque de la Hispanidad","NFD4","PN","No",NA,"L*+H","NFD",20,"PN3"
"444","DZM43","36-59","Male","Tertiary","Durazno","Durazno","Parque de la Hispanidad","NFD4","PN","le",1,"L*+¡H","NFD",20,"PN4"
"445","DZM43","36-59","Male","Tertiary","Durazno","Durazno","Parque de la Hispanidad","NFD4","N","regalo",NA,"L* L%","NFD",20,"N1"
"446","DZM43","36-59","Male","Tertiary","Durazno","Durazno","Parque de la Hispanidad","NFD5","N","con",1,"H+L* L%","NFD",20,"N1"
"447","DZM43","36-59","Male","Tertiary","Durazno","Durazno","Parque de la Hispanidad","NFD6","PN","Esta",NA,"L+H* H-","NFD",20,"PN1"
"448","DZM43","36-59","Male","Tertiary","Durazno","Durazno","Parque de la Hispanidad","NFD6","N","buenisimo",1,"L+H* L%","NFD",20,"N1"
"449","DZM45","36-59","Male","Secondary","Durazno","Carmen","Barrio Centro","BFD1","N","Mandarinas",NA,"L* L%","BFD",20,"N"
"450","DZM45","36-59","Male","Secondary","Durazno","Carmen","Barrio Centro","BFD2","PN","Maria",NA,"L+<H*","BFD",20,"PN1"
"451","DZM45","36-59","Male","Secondary","Durazno","Carmen","Barrio Centro","BFD2","PN","esta",NA,"H+L*","BFD",20,"PN2"
"452","DZM45","36-59","Male","Secondary","Durazno","Carmen","Barrio Centro","BFD2","PN","comiendo",NA,"L+<H* H-","BFD",20,"PN3"
"453","DZM45","36-59","Male","Secondary","Durazno","Carmen","Barrio Centro","BFD2","N","mandarinas",NA,"L+H* L%","BFD",20,"N"
"454","DZM45","36-59","Male","Secondary","Durazno","Carmen","Barrio Centro","BFD4","PN","Yo",NA,"L+<H*","BFD",20,"PN1"
"455","DZM45","36-59","Male","Secondary","Durazno","Carmen","Barrio Centro","BFD4","PN","vivi",NA,"L+<¡H*","BFD",20,"PN2"
"456","DZM45","36-59","Male","Secondary","Durazno","Carmen","Barrio Centro","BFD4","PN","muchos",NA,"H*","BFD",20,"PN3"
"457","DZM45","36-59","Male","Secondary","Durazno","Carmen","Barrio Centro","BFD4","PN","anos",NA,"L+<H*","BFD",20,"PN4"
"458","DZM45","36-59","Male","Secondary","Durazno","Carmen","Barrio Centro","BFD4","N","San",NA,"L* L%","BFD",20,"N"
"459","DZM45","36-59","Male","Secondary","Durazno","Carmen","Barrio Centro","NFD1","PN","Senora",NA,"L+H* L-","NFD",20,"PN1"
"460","DZM45","36-59","Male","Secondary","Durazno","Carmen","Barrio Centro","NFD1","PN","no",NA,"L+H*","NFD",20,"PN2"
"461","DZM45","36-59","Male","Secondary","Durazno","Carmen","Barrio Centro","NFD1","PN","quiero",NA,"L+¡H*","NFD",20,"PN3"
"462","DZM45","36-59","Male","Secondary","Durazno","Carmen","Barrio Centro","NFD1","PN","limones",NA,"L+H* L-","NFD",20,"PN4"
"463","DZM45","36-59","Male","Secondary","Durazno","Carmen","Barrio Centro","NFD1","PN","quiero",NA,"L*+H","NFD",20,"PN5"
"464","DZM45","36-59","Male","Secondary","Durazno","Carmen","Barrio Centro","NFD1","N","naranjas",1,"L+H* L%","NFD",20,"N1"
"465","DZM45","36-59","Male","Secondary","Durazno","Carmen","Barrio Centro","NFD2","PN","Que",NA,"H*","NFD",20,"PN1"
"466","DZM45","36-59","Male","Secondary","Durazno","Carmen","Barrio Centro","NFD2","PN","rico",NA,"L+¡H*","NFD",20,"PN2"
"467","DZM45","36-59","Male","Secondary","Durazno","Carmen","Barrio Centro","NFD2","PN","olor",NA,"L+H*","NFD",20,"PN3"
"468","DZM45","36-59","Male","Secondary","Durazno","Carmen","Barrio Centro","NFD2","N","medialunas",1,"L+H* L%","NFD",20,"N1"
"469","DZM45","36-59","Male","Secondary","Durazno","Carmen","Barrio Centro","NFD3","PN","No",NA,"L+H* L-","NFD",20,"PN1"
"470","DZM45","36-59","Male","Secondary","Durazno","Carmen","Barrio Centro","NFD3","PN","se",NA,"L+<H*","NFD",20,"PN2"
"471","DZM45","36-59","Male","Secondary","Durazno","Carmen","Barrio Centro","NFD3","PN","vivir",NA,"L+<¡H*","NFD",20,"PN3"
"472","DZM45","36-59","Male","Secondary","Durazno","Carmen","Barrio Centro","NFD3","N","San",1,"L* L%","NFD",20,"N1"
"473","DZM45","36-59","Male","Secondary","Durazno","Carmen","Barrio Centro","NFD4","PN","Es",NA,"L+<H*","NFD",20,"PN1"
"474","DZM45","36-59","Male","Secondary","Durazno","Carmen","Barrio Centro","NFD4","PN","possible",NA,"L*+¡H H-","NFD",20,"PN2"
"475","DZM45","36-59","Male","Secondary","Durazno","Carmen","Barrio Centro","NFD4","PN","No",NA,"L+H*","NFD",20,"PN3"
"476","DZM45","36-59","Male","Secondary","Durazno","Carmen","Barrio Centro","NFD4","PN","le",1,"L+¡H*","NFD",20,"PN4"
"477","DZM45","36-59","Male","Secondary","Durazno","Carmen","Barrio Centro","NFD4","N","regalo",NA,"L* L%","NFD",20,"N1"
"478","DZM45","36-59","Male","Secondary","Durazno","Carmen","Barrio Centro","NFD5","N","con",1,"L+H* !H%","NFD",20,"N1"
"479","DZM45","36-59","Male","Secondary","Durazno","Carmen","Barrio Centro","NFD6","PN","Esta",NA,"L+<H*","NFD",20,"PN1"
"480","DZM45","36-59","Male","Secondary","Durazno","Carmen","Barrio Centro","NFD6","N","buenisimo",1,"L+!H* L%","NFD",20,"N1"
"481","DZM48","36-59","Male","Tertiary","Durazno","La Paloma","Centro","BFD1","N","Mandarinas",NA,NA,"BFD",20,"N"
"482","DZM48","36-59","Male","Tertiary","Durazno","La Paloma","Centro","BFD2","PN","Maria",NA,NA,"BFD",20,"PN1"
"483","DZM48","36-59","Male","Tertiary","Durazno","La Paloma","Centro","BFD2","PN","esta",NA,NA,"BFD",20,"PN2"
"484","DZM48","36-59","Male","Tertiary","Durazno","La Paloma","Centro","BFD2","PN","comiendo",NA,NA,"BFD",20,"PN3"
"485","DZM48","36-59","Male","Tertiary","Durazno","La Paloma","Centro","BFD2","N","mandarinas",NA,NA,"BFD",20,"N"
"486","DZM48","36-59","Male","Tertiary","Durazno","La Paloma","Centro","BFD4","PN","Yo",NA,NA,"BFD",20,"PN1"
"487","DZM48","36-59","Male","Tertiary","Durazno","La Paloma","Centro","BFD4","PN","vivi",NA,NA,"BFD",20,"PN2"
"488","DZM48","36-59","Male","Tertiary","Durazno","La Paloma","Centro","BFD4","PN","muchos",NA,NA,"BFD",20,"PN3"
"489","DZM48","36-59","Male","Tertiary","Durazno","La Paloma","Centro","BFD4","PN","anos",NA,NA,"BFD",20,"PN4"
"490","DZM48","36-59","Male","Tertiary","Durazno","La Paloma","Centro","BFD4","N","San",NA,NA,"BFD",20,"N"
"491","DZM48","36-59","Male","Tertiary","Durazno","La Paloma","Centro","NFD1","PN","Senora",NA,"L+H* L-","NFD",20,"PN1"
"492","DZM48","36-59","Male","Tertiary","Durazno","La Paloma","Centro","NFD1","PN","no",NA,"L+H*","NFD",20,"PN2"
"493","DZM48","36-59","Male","Tertiary","Durazno","La Paloma","Centro","NFD1","PN","quiero",NA,"L+¡H*","NFD",20,"PN3"
"494","DZM48","36-59","Male","Tertiary","Durazno","La Paloma","Centro","NFD1","PN","limones",NA,"L* L-","NFD",20,"PN4"
"495","DZM48","36-59","Male","Tertiary","Durazno","La Paloma","Centro","NFD1","PN","quiero",NA,"L*+H","NFD",20,"PN5"
"496","DZM48","36-59","Male","Tertiary","Durazno","La Paloma","Centro","NFD1","N","naranjas",1,"L+H* L%","NFD",20,"N1"
"497","DZM48","36-59","Male","Tertiary","Durazno","La Paloma","Centro","NFD2","PN","Que",NA,"L+H*","NFD",20,"PN1"
"498","DZM48","36-59","Male","Tertiary","Durazno","La Paloma","Centro","NFD2","PN","rico",NA,"L+H*","NFD",20,"PN2"
"499","DZM48","36-59","Male","Tertiary","Durazno","La Paloma","Centro","NFD2","PN","olor",NA,"L+H*","NFD",20,"PN3"
"500","DZM48","36-59","Male","Tertiary","Durazno","La Paloma","Centro","NFD2","N","medialunas",1,"L+H* L%","NFD",20,"N1"
"501","DZM48","36-59","Male","Tertiary","Durazno","La Paloma","Centro","NFD3","PN","No",NA,"L+H* !H-","NFD",20,"PN1"
"502","DZM48","36-59","Male","Tertiary","Durazno","La Paloma","Centro","NFD3","PN","se",NA,"L+<H*","NFD",20,"PN2"
"503","DZM48","36-59","Male","Tertiary","Durazno","La Paloma","Centro","NFD3","PN","vivir",NA,"L*+¡H","NFD",20,"PN3"
"504","DZM48","36-59","Male","Tertiary","Durazno","La Paloma","Centro","NFD3","N","San",1,"L+H* !H%","NFD",20,"N1"
"505","DZM48","36-59","Male","Tertiary","Durazno","La Paloma","Centro","NFD4","PN","Es",NA,"H*","NFD",20,"PN1"
"506","DZM48","36-59","Male","Tertiary","Durazno","La Paloma","Centro","NFD4","PN","possible",NA,"L+<¡H*","NFD",20,"PN2"
"507","DZM48","36-59","Male","Tertiary","Durazno","La Paloma","Centro","NFD4","PN","No",NA,"L+H*","NFD",20,"PN3"
"508","DZM48","36-59","Male","Tertiary","Durazno","La Paloma","Centro","NFD4","PN","le",1,"L+H*","NFD",20,"PN4"
"509","DZM48","36-59","Male","Tertiary","Durazno","La Paloma","Centro","NFD4","N","regalo",NA,"L* L%","NFD",20,"N1"
"510","DZM48","36-59","Male","Tertiary","Durazno","La Paloma","Centro","NFD5","N","con",1,"L+¡H* !H%","NFD",20,"N1"
"511","DZM48","36-59","Male","Tertiary","Durazno","La Paloma","Centro","NFD6","PN","Esta",NA,"L+H*","NFD",20,"PN1"
"512","DZM48","36-59","Male","Tertiary","Durazno","La Paloma","Centro","NFD6","N","buenisimo",1,"L+¡H* L%","NFD",20,"N1"
"513","DZM60","60+","Male","Primary/Middle","Durazno","Sarandi del Yi","Barrio Mal Bajar","BFD1","N","Mandarinas",NA,"L+H* L!H%","BFD",20,"N"
"514","DZM60","60+","Male","Primary/Middle","Durazno","Sarandi del Yi","Barrio Mal Bajar","BFD2","PN","Maria",NA,"L+<H*","BFD",20,"PN1"
"515","DZM60","60+","Male","Primary/Middle","Durazno","Sarandi del Yi","Barrio Mal Bajar","BFD2","PN","esta",NA,"H+L*","BFD",20,"PN2"
"516","DZM60","60+","Male","Primary/Middle","Durazno","Sarandi del Yi","Barrio Mal Bajar","BFD2","PN","comiendo",NA,"L+<H* H-","BFD",20,"PN3"
"517","DZM60","60+","Male","Primary/Middle","Durazno","Sarandi del Yi","Barrio Mal Bajar","BFD2","N","mandarinas",NA,"L* L%","BFD",20,"N"
"518","DZM60","60+","Male","Primary/Middle","Durazno","Sarandi del Yi","Barrio Mal Bajar","BFD4","PN","Yo",NA,NA,"BFD",20,"PN1"
"519","DZM60","60+","Male","Primary/Middle","Durazno","Sarandi del Yi","Barrio Mal Bajar","BFD4","PN","vivi",NA,NA,"BFD",20,"PN2"
"520","DZM60","60+","Male","Primary/Middle","Durazno","Sarandi del Yi","Barrio Mal Bajar","BFD4","PN","muchos",NA,NA,"BFD",20,"PN3"
"521","DZM60","60+","Male","Primary/Middle","Durazno","Sarandi del Yi","Barrio Mal Bajar","BFD4","PN","anos",NA,NA,"BFD",20,"PN4"
"522","DZM60","60+","Male","Primary/Middle","Durazno","Sarandi del Yi","Barrio Mal Bajar","BFD4","N","San",NA,NA,"BFD",20,"N"
"523","DZM60","60+","Male","Primary/Middle","Durazno","Sarandi del Yi","Barrio Mal Bajar","NFD1","PN","Senora",NA,"L+H* L-","NFD",20,"PN1"
"524","DZM60","60+","Male","Primary/Middle","Durazno","Sarandi del Yi","Barrio Mal Bajar","NFD1","PN","no",NA,"L+H*","NFD",20,"PN2"
"525","DZM60","60+","Male","Primary/Middle","Durazno","Sarandi del Yi","Barrio Mal Bajar","NFD1","PN","quiero",NA,"L+<¡H*","NFD",20,"PN3"
"526","DZM60","60+","Male","Primary/Middle","Durazno","Sarandi del Yi","Barrio Mal Bajar","NFD1","PN","limones",NA,"L* L-","NFD",20,"PN4"
"527","DZM60","60+","Male","Primary/Middle","Durazno","Sarandi del Yi","Barrio Mal Bajar","NFD1","PN","quiero",NA,"L+<H*","NFD",20,"PN5"
"528","DZM60","60+","Male","Primary/Middle","Durazno","Sarandi del Yi","Barrio Mal Bajar","NFD1","N","naranjas",1,"L* L%","NFD",20,"N1"
"529","DZM60","60+","Male","Primary/Middle","Durazno","Sarandi del Yi","Barrio Mal Bajar","NFD2","PN","Que",NA,"H*","NFD",20,"PN1"
"530","DZM60","60+","Male","Primary/Middle","Durazno","Sarandi del Yi","Barrio Mal Bajar","NFD2","PN","rico",NA,"L+¡H*","NFD",20,"PN2"
"531","DZM60","60+","Male","Primary/Middle","Durazno","Sarandi del Yi","Barrio Mal Bajar","NFD2","PN","olor",NA,"L+H*","NFD",20,"PN3"
"532","DZM60","60+","Male","Primary/Middle","Durazno","Sarandi del Yi","Barrio Mal Bajar","NFD2","N","medialunas",1,"L* L%","NFD",20,"N1"
"533","DZM60","60+","Male","Primary/Middle","Durazno","Sarandi del Yi","Barrio Mal Bajar","NFD3","PN","No",NA,"L+H* !H-","NFD",20,"PN1"
"534","DZM60","60+","Male","Primary/Middle","Durazno","Sarandi del Yi","Barrio Mal Bajar","NFD3","PN","se",NA,"L+H*","NFD",20,"PN2"
"535","DZM60","60+","Male","Primary/Middle","Durazno","Sarandi del Yi","Barrio Mal Bajar","NFD3","PN","vivir",NA,"L+H*","NFD",20,"PN3"
"536","DZM60","60+","Male","Primary/Middle","Durazno","Sarandi del Yi","Barrio Mal Bajar","NFD3","N","San",1,"L+H* L%","NFD",20,"N1"
"537","DZM60","60+","Male","Primary/Middle","Durazno","Sarandi del Yi","Barrio Mal Bajar","NFD4","PN","Es",NA,"L+H*","NFD",20,"PN1"
"538","DZM60","60+","Male","Primary/Middle","Durazno","Sarandi del Yi","Barrio Mal Bajar","NFD4","PN","possible",NA,"L+¡H* L-","NFD",20,"PN2"
"539","DZM60","60+","Male","Primary/Middle","Durazno","Sarandi del Yi","Barrio Mal Bajar","NFD4","PN","No",NA,"L+H*","NFD",20,"PN3"
"540","DZM60","60+","Male","Primary/Middle","Durazno","Sarandi del Yi","Barrio Mal Bajar","NFD4","PN","le",1,"L+H*","NFD",20,"PN4"
"541","DZM60","60+","Male","Primary/Middle","Durazno","Sarandi del Yi","Barrio Mal Bajar","NFD4","N","regalo",NA,"L* L%","NFD",20,"N1"
"542","DZM60","60+","Male","Primary/Middle","Durazno","Sarandi del Yi","Barrio Mal Bajar","NFD5","N","con",1,"L+H* !H%","NFD",20,"N1"
"543","DZM60","60+","Male","Primary/Middle","Durazno","Sarandi del Yi","Barrio Mal Bajar","NFD6","PN","Esta",NA,"H*","NFD",20,"PN1"
"544","DZM60","60+","Male","Primary/Middle","Durazno","Sarandi del Yi","Barrio Mal Bajar","NFD6","N","buenisimo",1,"L+¡H* L%","NFD",20,"N1"
"545","DZM62","60+","Male","Tertiary","Durazno","La Paloma","Centro","BFD1","N","Mandarinas",NA,NA,"BFD",20,"N"
"546","DZM62","60+","Male","Tertiary","Durazno","La Paloma","Centro","BFD2","PN","Maria",NA,"L+<H*","BFD",20,"PN1"
"547","DZM62","60+","Male","Tertiary","Durazno","La Paloma","Centro","BFD2","PN","esta",NA,"L*+H","BFD",20,"PN2"
"548","DZM62","60+","Male","Tertiary","Durazno","La Paloma","Centro","BFD2","PN","comiendo",NA,"L*+H","BFD",20,"PN3"
"549","DZM62","60+","Male","Tertiary","Durazno","La Paloma","Centro","BFD2","N","mandarinas",NA,"L* L%","BFD",20,"N"
"550","DZM62","60+","Male","Tertiary","Durazno","La Paloma","Centro","BFD4","PN","Yo",NA,"L+H*","BFD",20,"PN1"
"551","DZM62","60+","Male","Tertiary","Durazno","La Paloma","Centro","BFD4","PN","vivi",NA,"L+¡H*","BFD",20,"PN2"
"552","DZM62","60+","Male","Tertiary","Durazno","La Paloma","Centro","BFD4","PN","muchos",NA,"H*","BFD",20,"PN3"
"553","DZM62","60+","Male","Tertiary","Durazno","La Paloma","Centro","BFD4","PN","anos",NA,"H+L* L-","BFD",20,"PN4"
"554","DZM62","60+","Male","Tertiary","Durazno","La Paloma","Centro","BFD4","N","San",NA,"L* L%","BFD",20,"N"
"555","DZM62","60+","Male","Tertiary","Durazno","La Paloma","Centro","NFD1","PN","Senora",NA,"L+H* L-","NFD",20,"PN1"
"556","DZM62","60+","Male","Tertiary","Durazno","La Paloma","Centro","NFD1","PN","no",NA,"deaccented","NFD",20,"PN2"
"557","DZM62","60+","Male","Tertiary","Durazno","La Paloma","Centro","NFD1","PN","quiero",NA,"L*+H","NFD",20,"PN3"
"558","DZM62","60+","Male","Tertiary","Durazno","La Paloma","Centro","NFD1","PN","limones",NA,"L+¡H* H-","NFD",20,"PN4"
"559","DZM62","60+","Male","Tertiary","Durazno","La Paloma","Centro","NFD1","PN","quiero",NA,"L+<H*","NFD",20,"PN5"
"560","DZM62","60+","Male","Tertiary","Durazno","La Paloma","Centro","NFD1","N","naranjas",1,"L+¡H L%","NFD",20,"N1"
"561","DZM62","60+","Male","Tertiary","Durazno","La Paloma","Centro","NFD2","PN","Que",NA,NA,"NFD",20,"PN1"
"562","DZM62","60+","Male","Tertiary","Durazno","La Paloma","Centro","NFD2","PN","rico",NA,NA,"NFD",20,"PN2"
"563","DZM62","60+","Male","Tertiary","Durazno","La Paloma","Centro","NFD2","PN","olor",NA,NA,"NFD",20,"PN3"
"564","DZM62","60+","Male","Tertiary","Durazno","La Paloma","Centro","NFD2","N","medialunas",1,NA,"NFD",20,"N1"
"565","DZM62","60+","Male","Tertiary","Durazno","La Paloma","Centro","NFD3","PN","No",NA,"L+H* !H-","NFD",20,"PN1"
"566","DZM62","60+","Male","Tertiary","Durazno","La Paloma","Centro","NFD3","PN","se",NA,"L*+H","NFD",20,"PN2"
"567","DZM62","60+","Male","Tertiary","Durazno","La Paloma","Centro","NFD3","PN","vivir",NA,"L*+¡H","NFD",20,"PN3"
"568","DZM62","60+","Male","Tertiary","Durazno","La Paloma","Centro","NFD3","N","San",1,"L+H* L%","NFD",20,"N1"
"569","DZM62","60+","Male","Tertiary","Durazno","La Paloma","Centro","NFD4","PN","Es",NA,"deaccented","NFD",20,"PN1"
"570","DZM62","60+","Male","Tertiary","Durazno","La Paloma","Centro","NFD4","PN","possible",NA,"L*+H","NFD",20,"PN2"
"571","DZM62","60+","Male","Tertiary","Durazno","La Paloma","Centro","NFD4","PN","No",NA,"deaccented","NFD",20,"PN3"
"572","DZM62","60+","Male","Tertiary","Durazno","La Paloma","Centro","NFD4","PN","le",1,"L+<H*","NFD",20,"PN4"
"573","DZM62","60+","Male","Tertiary","Durazno","La Paloma","Centro","NFD4","N","regalo",NA,"L+H* L%","NFD",20,"N1"
"574","DZM62","60+","Male","Tertiary","Durazno","La Paloma","Centro","NFD5","N","con",1,"L+H* !H%","NFD",20,"N1"
"575","DZM62","60+","Male","Tertiary","Durazno","La Paloma","Centro","NFD6","PN","Esta",NA,"L+H* H-","NFD",20,"PN1"
"576","DZM62","60+","Male","Tertiary","Durazno","La Paloma","Centro","NFD6","N","buenisimo",1,"L+H* L%","NFD",20,"N1"
"577","DZM68","60+","Male","Primary/Middle","Durazno","Durazno","Barrio Tabare","BFD1","N","Mandarinas",NA,"L+H* L%","BFD",20,"N"
"578","DZM68","60+","Male","Primary/Middle","Durazno","Durazno","Barrio Tabare","BFD2","PN","Maria",NA,"L+H*","BFD",20,"PN1"
"579","DZM68","60+","Male","Primary/Middle","Durazno","Durazno","Barrio Tabare","BFD2","PN","esta",NA,"L+¡H*","BFD",20,"PN2"
"580","DZM68","60+","Male","Primary/Middle","Durazno","Durazno","Barrio Tabare","BFD2","PN","comiendo",NA,"L+<H*","BFD",20,"PN3"
"581","DZM68","60+","Male","Primary/Middle","Durazno","Durazno","Barrio Tabare","BFD2","N","mandarinas",NA,"L+H* L%","BFD",20,"N"
"582","DZM68","60+","Male","Primary/Middle","Durazno","Durazno","Barrio Tabare","BFD4","PN","Yo",NA,NA,"BFD",20,"PN1"
"583","DZM68","60+","Male","Primary/Middle","Durazno","Durazno","Barrio Tabare","BFD4","PN","vivi",NA,NA,"BFD",20,"PN2"
"584","DZM68","60+","Male","Primary/Middle","Durazno","Durazno","Barrio Tabare","BFD4","PN","muchos",NA,NA,"BFD",20,"PN3"
"585","DZM68","60+","Male","Primary/Middle","Durazno","Durazno","Barrio Tabare","BFD4","PN","anos",NA,NA,"BFD",20,"PN4"
"586","DZM68","60+","Male","Primary/Middle","Durazno","Durazno","Barrio Tabare","BFD4","N","San",NA,NA,"BFD",20,"N"
"587","DZM68","60+","Male","Primary/Middle","Durazno","Durazno","Barrio Tabare","NFD1","PN","Senora",NA,"L+H* L-","NFD",20,"PN1"
"588","DZM68","60+","Male","Primary/Middle","Durazno","Durazno","Barrio Tabare","NFD1","PN","no",NA,"L+H*","NFD",20,"PN2"
"589","DZM68","60+","Male","Primary/Middle","Durazno","Durazno","Barrio Tabare","NFD1","PN","quiero",NA,"L+<¡H*","NFD",20,"PN3"
"590","DZM68","60+","Male","Primary/Middle","Durazno","Durazno","Barrio Tabare","NFD1","PN","limones",NA,"L+H* L-","NFD",20,"PN4"
"591","DZM68","60+","Male","Primary/Middle","Durazno","Durazno","Barrio Tabare","NFD1","PN","quiero",NA,"L+<H*","NFD",20,"PN5"
"592","DZM68","60+","Male","Primary/Middle","Durazno","Durazno","Barrio Tabare","NFD1","N","naranjas",1,"L+H* L%","NFD",20,"N1"
"593","DZM68","60+","Male","Primary/Middle","Durazno","Durazno","Barrio Tabare","NFD2","PN","Que",NA,"L+H*","NFD",20,"PN1"
"594","DZM68","60+","Male","Primary/Middle","Durazno","Durazno","Barrio Tabare","NFD2","PN","rico",NA,"L+H*","NFD",20,"PN2"
"595","DZM68","60+","Male","Primary/Middle","Durazno","Durazno","Barrio Tabare","NFD2","PN","olor",NA,"L+H*","NFD",20,"PN3"
"596","DZM68","60+","Male","Primary/Middle","Durazno","Durazno","Barrio Tabare","NFD2","N","medialunas",1,"L+H* L%","NFD",20,"N1"
"597","DZM68","60+","Male","Primary/Middle","Durazno","Durazno","Barrio Tabare","NFD3","PN","No",NA,NA,"NFD",20,"PN1"
"598","DZM68","60+","Male","Primary/Middle","Durazno","Durazno","Barrio Tabare","NFD3","PN","se",NA,NA,"NFD",20,"PN2"
"599","DZM68","60+","Male","Primary/Middle","Durazno","Durazno","Barrio Tabare","NFD3","PN","vivir",NA,NA,"NFD",20,"PN3"
"600","DZM68","60+","Male","Primary/Middle","Durazno","Durazno","Barrio Tabare","NFD3","N","San",1,NA,"NFD",20,"N1"
"601","DZM68","60+","Male","Primary/Middle","Durazno","Durazno","Barrio Tabare","NFD4","PN","Es",NA,"L+H*","NFD",20,"PN1"
"602","DZM68","60+","Male","Primary/Middle","Durazno","Durazno","Barrio Tabare","NFD4","PN","possible",NA,"L+¡H*","NFD",20,"PN2"
"603","DZM68","60+","Male","Primary/Middle","Durazno","Durazno","Barrio Tabare","NFD4","PN","No",NA,"L+H*","NFD",20,"PN3"
"604","DZM68","60+","Male","Primary/Middle","Durazno","Durazno","Barrio Tabare","NFD4","PN","le",1,"L+¡H*","NFD",20,"PN4"
"605","DZM68","60+","Male","Primary/Middle","Durazno","Durazno","Barrio Tabare","NFD4","N","regalo",NA,"L* L%","NFD",20,"N1"
"606","DZM68","60+","Male","Primary/Middle","Durazno","Durazno","Barrio Tabare","NFD5","N","con",1,"L+H* !H%","NFD",20,"N1"
"607","DZM68","60+","Male","Primary/Middle","Durazno","Durazno","Barrio Tabare","NFD6","PN","Esta",NA,"L+<H*","NFD",20,"PN1"
"608","DZM68","60+","Male","Primary/Middle","Durazno","Durazno","Barrio Tabare","NFD6","N","buenisimo",1,"L+H* L%","NFD",20,"N1"
"609","DZM70","60+","Male","Primary/Middle","Durazno","Sarandi del Yi","Barrio Malbajar","BFD1","N","Mandarinas",NA,NA,"BFD",20,"N"
"610","DZM70","60+","Male","Primary/Middle","Durazno","Sarandi del Yi","Barrio Malbajar","BFD2","PN","Maria",NA,"L+<H*","BFD",20,"PN1"
"611","DZM70","60+","Male","Primary/Middle","Durazno","Sarandi del Yi","Barrio Malbajar","BFD2","PN","esta",NA,"L+H*","BFD",20,"PN2"
"612","DZM70","60+","Male","Primary/Middle","Durazno","Sarandi del Yi","Barrio Malbajar","BFD2","PN","comiendo",NA,"L+H*","BFD",20,"PN3"
"613","DZM70","60+","Male","Primary/Middle","Durazno","Sarandi del Yi","Barrio Malbajar","BFD2","N","mandarinas",NA,"L* L%","BFD",20,"N"
"614","DZM70","60+","Male","Primary/Middle","Durazno","Sarandi del Yi","Barrio Malbajar","BFD4","PN","Yo",NA,"L+H*","BFD",20,"PN1"
"615","DZM70","60+","Male","Primary/Middle","Durazno","Sarandi del Yi","Barrio Malbajar","BFD4","PN","vivi",NA,"L+H*","BFD",20,"PN2"
"616","DZM70","60+","Male","Primary/Middle","Durazno","Sarandi del Yi","Barrio Malbajar","BFD4","PN","muchos",NA,"deaccented","BFD",20,"PN3"
"617","DZM70","60+","Male","Primary/Middle","Durazno","Sarandi del Yi","Barrio Malbajar","BFD4","PN","anos",NA,"L+H*","BFD",20,"PN4"
"618","DZM70","60+","Male","Primary/Middle","Durazno","Sarandi del Yi","Barrio Malbajar","BFD4","N","San",NA,"L* L%","BFD",20,"N"
"619","DZM70","60+","Male","Primary/Middle","Durazno","Sarandi del Yi","Barrio Malbajar","NFD1","PN","Senora",NA,"H+L* L-","NFD",20,"PN1"
"620","DZM70","60+","Male","Primary/Middle","Durazno","Sarandi del Yi","Barrio Malbajar","NFD1","PN","no",NA,"L+H*","NFD",20,"PN2"
"621","DZM70","60+","Male","Primary/Middle","Durazno","Sarandi del Yi","Barrio Malbajar","NFD1","PN","quiero",NA,"L+<¡H*","NFD",20,"PN3"
"622","DZM70","60+","Male","Primary/Middle","Durazno","Sarandi del Yi","Barrio Malbajar","NFD1","PN","limones",NA,"L+H* L-","NFD",20,"PN4"
"623","DZM70","60+","Male","Primary/Middle","Durazno","Sarandi del Yi","Barrio Malbajar","NFD1","PN","quiero",NA,"L*+H","NFD",20,"PN5"
"624","DZM70","60+","Male","Primary/Middle","Durazno","Sarandi del Yi","Barrio Malbajar","NFD1","N","naranjas",1,"L* L%","NFD",20,"N1"
"625","DZM70","60+","Male","Primary/Middle","Durazno","Sarandi del Yi","Barrio Malbajar","NFD2","PN","Que",NA,"H*","NFD",20,"PN1"
"626","DZM70","60+","Male","Primary/Middle","Durazno","Sarandi del Yi","Barrio Malbajar","NFD2","PN","rico",NA,"L+¡H* H-","NFD",20,"PN2"
"627","DZM70","60+","Male","Primary/Middle","Durazno","Sarandi del Yi","Barrio Malbajar","NFD2","PN","olor",NA,"L+H* H-","NFD",20,"PN3"
"628","DZM70","60+","Male","Primary/Middle","Durazno","Sarandi del Yi","Barrio Malbajar","NFD2","N","medialunas",1,"L* L%","NFD",20,"N1"
"629","DZM70","60+","Male","Primary/Middle","Durazno","Sarandi del Yi","Barrio Malbajar","NFD3","PN","No",NA,"H+L* L-","NFD",20,"PN1"
"630","DZM70","60+","Male","Primary/Middle","Durazno","Sarandi del Yi","Barrio Malbajar","NFD3","PN","se",NA,"L+<H*","NFD",20,"PN2"
"631","DZM70","60+","Male","Primary/Middle","Durazno","Sarandi del Yi","Barrio Malbajar","NFD3","PN","vivir",NA,"L+<¡H*","NFD",20,"PN3"
"632","DZM70","60+","Male","Primary/Middle","Durazno","Sarandi del Yi","Barrio Malbajar","NFD3","N","San",1,"L* L%","NFD",20,"N1"
"633","DZM70","60+","Male","Primary/Middle","Durazno","Sarandi del Yi","Barrio Malbajar","NFD4","PN","Es",NA,NA,"NFD",20,"PN1"
"634","DZM70","60+","Male","Primary/Middle","Durazno","Sarandi del Yi","Barrio Malbajar","NFD4","PN","possible",NA,NA,"NFD",20,"PN2"
"635","DZM70","60+","Male","Primary/Middle","Durazno","Sarandi del Yi","Barrio Malbajar","NFD4","PN","No",NA,NA,"NFD",20,"PN3"
"636","DZM70","60+","Male","Primary/Middle","Durazno","Sarandi del Yi","Barrio Malbajar","NFD4","PN","le",1,NA,"NFD",20,"PN4"
"637","DZM70","60+","Male","Primary/Middle","Durazno","Sarandi del Yi","Barrio Malbajar","NFD4","N","regalo",NA,NA,"NFD",20,"N1"
"638","DZM70","60+","Male","Primary/Middle","Durazno","Sarandi del Yi","Barrio Malbajar","NFD5","N","con",1,NA,"NFD",20,"N1"
"639","DZM70","60+","Male","Primary/Middle","Durazno","Sarandi del Yi","Barrio Malbajar","NFD6","PN","Esta",NA,NA,"NFD",20,"PN1"
"640","DZM70","60+","Male","Primary/Middle","Durazno","Sarandi del Yi","Barrio Malbajar","NFD6","N","buenisimo",1,NA,"NFD",20,"N1"
